order_item_id,order_id,product_id,quantity,unit_price,discount_amount,created_at,updated_at
OI-00001-1,ORD-00001,PROD-128,1,237.63,20.99,2024-06-15 10:51:39,2024-06-15 10:51:39
OI-00002-1,ORD-00002,PROD-122,1,896.26,0,2024-02-10 14:55:19,2024-02-10 14:55:19
OI-00002-2,ORD-00002,PROD-111,1,831.12,0,2024-02-10 14:55:19,2024-02-10 14:55:19
OI-00003-1,ORD-00003,PROD-107,3,52.73,14.29,2024-06-27 13:46:52,2024-06-27 13:46:52
OI-00003-2,ORD-00003,PROD-110,1,152.58,17.69,2024-06-27 13:46:52,2024-06-27 13:46:52
OI-00004-1,ORD-00004,PROD-121,1,261.06,0,2024-08-25 20:36:48,2024-08-25 20:36:48
OI-00004-2,ORD-00004,PROD-110,3,152.58,0,2024-08-25 20:36:48,2024-08-25 20:36:48
OI-00004-3,ORD-00004,PROD-129,1,263.71,0,2024-08-25 20:36:48,2024-08-25 20:36:48
OI-00005-1,ORD-00005,PROD-105,4,798.17,0,2024-06-07 15:28:02,2024-06-07 15:28:02
OI-00005-2,ORD-00005,PROD-106,1,210.4,0,2024-06-07 15:28:02,2024-06-07 15:28:02
OI-00005-3,ORD-00005,PROD-140,2,29.92,0,2024-06-07 15:28:02,2024-06-07 15:28:02
OI-00006-1,ORD-00006,PROD-133,2,754.46,160.16,2024-09-13 10:03:28,2024-09-13 10:03:28
OI-00007-1,ORD-00007,PROD-125,1,327.41,0,2024-09-25 16:39:10,2024-09-25 16:39:10
OI-00007-2,ORD-00007,PROD-127,3,631.92,26.87,2024-09-25 16:39:10,2024-09-25 16:39:10
OI-00007-3,ORD-00007,PROD-122,4,896.26,389.19,2024-09-25 16:39:10,2024-09-25 16:39:10
OI-00008-1,ORD-00008,PROD-123,4,284.29,120.91,2024-11-04 21:09:21,2024-11-04 21:09:21
OI-00008-2,ORD-00008,PROD-120,1,455.08,0,2024-11-04 21:09:21,2024-11-04 21:09:21
OI-00009-1,ORD-00009,PROD-128,3,237.63,33.03,2024-11-25 20:21:52,2024-11-25 20:21:52
OI-00010-1,ORD-00010,PROD-105,1,798.17,0,2024-06-23 20:31:12,2024-06-23 20:31:12
OI-00010-2,ORD-00010,PROD-119,1,378.05,0,2024-06-23 20:31:12,2024-06-23 20:31:12
OI-00011-1,ORD-00011,PROD-140,4,29.92,6.54,2024-11-12 10:38:24,2024-11-12 10:38:24
OI-00011-2,ORD-00011,PROD-111,2,831.12,0,2024-11-12 10:38:24,2024-11-12 10:38:24
OI-00012-1,ORD-00012,PROD-120,2,455.08,0,2024-05-25 20:47:50,2024-05-25 20:47:50
OI-00012-2,ORD-00012,PROD-131,4,207.47,0,2024-05-25 20:47:50,2024-05-25 20:47:50
OI-00013-1,ORD-00013,PROD-117,4,521.02,0,2024-07-14 16:33:26,2024-07-14 16:33:26
OI-00013-2,ORD-00013,PROD-104,1,537.47,0,2024-07-14 16:33:26,2024-07-14 16:33:26
OI-00014-1,ORD-00014,PROD-133,2,754.46,0,2024-03-04 12:05:48,2024-03-04 12:05:48
OI-00014-2,ORD-00014,PROD-110,3,152.58,0,2024-03-04 12:05:48,2024-03-04 12:05:48
OI-00014-3,ORD-00014,PROD-128,4,237.63,71.58,2024-03-04 12:05:48,2024-03-04 12:05:48
OI-00014-4,ORD-00014,PROD-106,2,210.4,0,2024-03-04 12:05:48,2024-03-04 12:05:48
OI-00015-1,ORD-00015,PROD-109,3,774.44,0,2024-07-10 11:01:20,2024-07-10 11:01:20
OI-00015-2,ORD-00015,PROD-103,4,594.17,0,2024-07-10 11:01:20,2024-07-10 11:01:20
OI-00016-1,ORD-00016,PROD-117,2,521.02,0,2024-12-27 15:28:39,2024-12-27 15:28:39
OI-00017-1,ORD-00017,PROD-108,4,415.88,0,2024-11-07 16:27:07,2024-11-07 16:27:07
OI-00017-2,ORD-00017,PROD-104,4,537.47,269.82,2024-11-07 16:27:07,2024-11-07 16:27:07
OI-00017-3,ORD-00017,PROD-116,4,74.59,0,2024-11-07 16:27:07,2024-11-07 16:27:07
OI-00018-1,ORD-00018,PROD-128,3,237.63,44.55,2024-11-19 16:36:15,2024-11-19 16:36:15
OI-00018-2,ORD-00018,PROD-101,1,655.83,0,2024-11-19 16:36:15,2024-11-19 16:36:15
OI-00018-3,ORD-00018,PROD-140,3,29.92,7.08,2024-11-19 16:36:15,2024-11-19 16:36:15
OI-00019-1,ORD-00019,PROD-124,1,24.66,0,2024-10-10 08:24:55,2024-10-10 08:24:55
OI-00019-2,ORD-00019,PROD-117,1,521.02,0,2024-10-10 08:24:55,2024-10-10 08:24:55
OI-00019-3,ORD-00019,PROD-102,3,652.45,103.44,2024-10-10 08:24:55,2024-10-10 08:24:55
OI-00019-4,ORD-00019,PROD-123,3,284.29,0,2024-10-10 08:24:55,2024-10-10 08:24:55
OI-00020-1,ORD-00020,PROD-105,1,798.17,5.24,2024-12-16 15:44:30,2024-12-16 15:44:30
OI-00020-2,ORD-00020,PROD-130,2,72.97,0,2024-12-16 15:44:30,2024-12-16 15:44:30
OI-00021-1,ORD-00021,PROD-103,3,594.17,0,2024-06-07 16:25:52,2024-06-07 16:25:52
OI-00021-2,ORD-00021,PROD-113,1,454.72,0,2024-06-07 16:25:52,2024-06-07 16:25:52
OI-00021-3,ORD-00021,PROD-119,3,378.05,135.99,2024-06-07 16:25:52,2024-06-07 16:25:52
OI-00022-1,ORD-00022,PROD-132,3,381.18,0,2024-07-23 19:28:57,2024-07-23 19:28:57
OI-00022-2,ORD-00022,PROD-124,4,24.66,8.91,2024-07-23 19:28:57,2024-07-23 19:28:57
OI-00023-1,ORD-00023,PROD-119,4,378.05,100.69,2024-04-02 16:18:20,2024-04-02 16:18:20
OI-00023-2,ORD-00023,PROD-120,4,455.08,237.56,2024-04-02 16:18:20,2024-04-02 16:18:20
OI-00023-3,ORD-00023,PROD-129,3,263.71,0,2024-04-02 16:18:20,2024-04-02 16:18:20
OI-00024-1,ORD-00024,PROD-133,2,754.46,0,2024-05-20 18:50:03,2024-05-20 18:50:03
OI-00024-2,ORD-00024,PROD-111,4,831.12,33.53,2024-05-20 18:50:03,2024-05-20 18:50:03
OI-00024-3,ORD-00024,PROD-102,3,652.45,0,2024-05-20 18:50:03,2024-05-20 18:50:03
OI-00025-1,ORD-00025,PROD-129,2,263.71,0,2024-01-17 17:09:43,2024-01-17 17:09:43
OI-00025-2,ORD-00025,PROD-105,4,798.17,0,2024-01-17 17:09:43,2024-01-17 17:09:43
OI-00025-3,ORD-00025,PROD-137,3,276.02,14.09,2024-01-17 17:09:43,2024-01-17 17:09:43
OI-00026-1,ORD-00026,PROD-117,3,521.02,0,2024-04-05 15:33:24,2024-04-05 15:33:24
OI-00026-2,ORD-00026,PROD-129,4,263.71,21.48,2024-04-05 15:33:24,2024-04-05 15:33:24
OI-00026-3,ORD-00026,PROD-114,1,516.29,0,2024-04-05 15:33:24,2024-04-05 15:33:24
OI-00027-1,ORD-00027,PROD-105,3,798.17,0,2024-12-31 15:05:51,2024-12-31 15:05:51
OI-00027-2,ORD-00027,PROD-136,2,556.06,0,2024-12-31 15:05:51,2024-12-31 15:05:51
OI-00027-3,ORD-00027,PROD-135,2,490.52,0,2024-12-31 15:05:51,2024-12-31 15:05:51
OI-00028-1,ORD-00028,PROD-102,3,652.45,0,2024-04-24 09:12:50,2024-04-24 09:12:50
OI-00028-2,ORD-00028,PROD-124,2,24.66,0,2024-04-24 09:12:50,2024-04-24 09:12:50
OI-00028-3,ORD-00028,PROD-136,1,556.06,33.21,2024-04-24 09:12:50,2024-04-24 09:12:50
OI-00028-4,ORD-00028,PROD-137,4,276.02,0,2024-04-24 09:12:50,2024-04-24 09:12:50
OI-00029-1,ORD-00029,PROD-129,4,263.71,0,2024-07-28 21:36:04,2024-07-28 21:36:04
OI-00030-1,ORD-00030,PROD-109,1,774.44,0,2024-03-06 22:53:49,2024-03-06 22:53:49
OI-00030-2,ORD-00030,PROD-128,2,237.63,0,2024-03-06 22:53:49,2024-03-06 22:53:49
OI-00031-1,ORD-00031,PROD-106,3,210.4,28.67,2024-06-14 22:45:14,2024-06-14 22:45:14
OI-00031-2,ORD-00031,PROD-117,1,521.02,0,2024-06-14 22:45:14,2024-06-14 22:45:14
OI-00031-3,ORD-00031,PROD-113,2,454.72,0,2024-06-14 22:45:14,2024-06-14 22:45:14
OI-00032-1,ORD-00032,PROD-137,1,276.02,26.56,2024-03-19 10:42:39,2024-03-19 10:42:39
OI-00032-2,ORD-00032,PROD-103,3,594.17,0,2024-03-19 10:42:39,2024-03-19 10:42:39
OI-00032-3,ORD-00032,PROD-102,4,652.45,0,2024-03-19 10:42:39,2024-03-19 10:42:39
OI-00033-1,ORD-00033,PROD-126,4,457.47,16.45,2024-11-17 16:18:41,2024-11-17 16:18:41
OI-00033-2,ORD-00033,PROD-120,4,455.08,0,2024-11-17 16:18:41,2024-11-17 16:18:41
OI-00034-1,ORD-00034,PROD-126,1,457.47,0,2024-04-14 13:38:09,2024-04-14 13:38:09
OI-00034-2,ORD-00034,PROD-109,4,774.44,208.91,2024-04-14 13:38:09,2024-04-14 13:38:09
OI-00034-3,ORD-00034,PROD-124,2,24.66,2.15,2024-04-14 13:38:09,2024-04-14 13:38:09
OI-00035-1,ORD-00035,PROD-113,4,454.72,0,2024-11-11 14:15:55,2024-11-11 14:15:55
OI-00035-2,ORD-00035,PROD-111,3,831.12,0,2024-11-11 14:15:55,2024-11-11 14:15:55
OI-00035-3,ORD-00035,PROD-132,1,381.18,0,2024-11-11 14:15:55,2024-11-11 14:15:55
OI-00036-1,ORD-00036,PROD-119,4,378.05,0,2024-08-22 11:13:37,2024-08-22 11:13:37
OI-00037-1,ORD-00037,PROD-128,2,237.63,0,2024-11-30 18:30:18,2024-11-30 18:30:18
OI-00038-1,ORD-00038,PROD-137,2,276.02,0,2024-07-06 20:25:23,2024-07-06 20:25:23
OI-00039-1,ORD-00039,PROD-109,1,774.44,0,2024-02-07 14:32:28,2024-02-07 14:32:28
OI-00040-1,ORD-00040,PROD-133,4,754.46,0,2024-06-22 16:23:48,2024-06-22 16:23:48
OI-00040-2,ORD-00040,PROD-103,2,594.17,0,2024-06-22 16:23:48,2024-06-22 16:23:48
OI-00040-3,ORD-00040,PROD-109,2,774.44,0,2024-06-22 16:23:48,2024-06-22 16:23:48
OI-00040-4,ORD-00040,PROD-122,3,896.26,399.53,2024-06-22 16:23:48,2024-06-22 16:23:48
OI-00041-1,ORD-00041,PROD-137,3,276.02,0,2024-06-02 17:21:32,2024-06-02 17:21:32
OI-00041-2,ORD-00041,PROD-120,1,455.08,0,2024-06-02 17:21:32,2024-06-02 17:21:32
OI-00041-3,ORD-00041,PROD-131,3,207.47,0,2024-06-02 17:21:32,2024-06-02 17:21:32
OI-00041-4,ORD-00041,PROD-102,1,652.45,0,2024-06-02 17:21:32,2024-06-02 17:21:32
OI-00042-1,ORD-00042,PROD-138,4,228.67,86.3,2024-12-01 20:49:37,2024-12-01 20:49:37
OI-00043-1,ORD-00043,PROD-113,1,454.72,0,2024-07-13 10:52:43,2024-07-13 10:52:43
OI-00044-1,ORD-00044,PROD-104,3,537.47,0,2024-03-18 14:44:13,2024-03-18 14:44:13
OI-00044-2,ORD-00044,PROD-109,4,774.44,0,2024-03-18 14:44:13,2024-03-18 14:44:13
OI-00044-3,ORD-00044,PROD-134,3,165.71,0,2024-03-18 14:44:13,2024-03-18 14:44:13
OI-00044-4,ORD-00044,PROD-114,4,516.29,0,2024-03-18 14:44:13,2024-03-18 14:44:13
OI-00045-1,ORD-00045,PROD-113,3,454.72,199.08,2024-10-06 13:43:49,2024-10-06 13:43:49
OI-00045-2,ORD-00045,PROD-116,3,74.59,0,2024-10-06 13:43:49,2024-10-06 13:43:49
OI-00045-3,ORD-00045,PROD-118,2,399.59,0,2024-10-06 13:43:49,2024-10-06 13:43:49
OI-00045-4,ORD-00045,PROD-136,4,556.06,0,2024-10-06 13:43:49,2024-10-06 13:43:49
OI-00046-1,ORD-00046,PROD-126,1,457.47,49.0,2024-05-20 12:07:36,2024-05-20 12:07:36
OI-00046-2,ORD-00046,PROD-123,3,284.29,0,2024-05-20 12:07:36,2024-05-20 12:07:36
OI-00046-3,ORD-00046,PROD-110,3,152.58,0,2024-05-20 12:07:36,2024-05-20 12:07:36
OI-00046-4,ORD-00046,PROD-119,2,378.05,61.08,2024-05-20 12:07:36,2024-05-20 12:07:36
OI-00047-1,ORD-00047,PROD-116,2,74.59,0,2024-10-14 19:17:08,2024-10-14 19:17:08
OI-00047-2,ORD-00047,PROD-104,1,537.47,26.63,2024-10-14 19:17:08,2024-10-14 19:17:08
OI-00048-1,ORD-00048,PROD-127,4,631.92,0,2024-02-21 18:49:08,2024-02-21 18:49:08
OI-00048-2,ORD-00048,PROD-131,3,207.47,0,2024-02-21 18:49:08,2024-02-21 18:49:08
OI-00049-1,ORD-00049,PROD-135,2,490.52,0,2024-01-31 22:49:05,2024-01-31 22:49:05
OI-00049-2,ORD-00049,PROD-103,2,594.17,0,2024-01-31 22:49:05,2024-01-31 22:49:05
OI-00050-1,ORD-00050,PROD-101,3,655.83,0,2024-07-22 20:31:11,2024-07-22 20:31:11
OI-00051-1,ORD-00051,PROD-133,3,754.46,38.24,2024-05-25 15:41:34,2024-05-25 15:41:34
OI-00051-2,ORD-00051,PROD-130,2,72.97,0,2024-05-25 15:41:34,2024-05-25 15:41:34
OI-00052-1,ORD-00052,PROD-137,4,276.02,0,2024-05-11 19:11:00,2024-05-11 19:11:00
OI-00052-2,ORD-00052,PROD-113,3,454.72,136.95,2024-05-11 19:11:00,2024-05-11 19:11:00
OI-00052-3,ORD-00052,PROD-112,2,437.58,0,2024-05-11 19:11:00,2024-05-11 19:11:00
OI-00053-1,ORD-00053,PROD-122,1,896.26,48.34,2024-05-07 08:16:24,2024-05-07 08:16:24
OI-00053-2,ORD-00053,PROD-120,2,455.08,16.14,2024-05-07 08:16:24,2024-05-07 08:16:24
OI-00053-3,ORD-00053,PROD-138,3,228.67,70.6,2024-05-07 08:16:24,2024-05-07 08:16:24
OI-00054-1,ORD-00054,PROD-140,4,29.92,13.42,2024-12-26 20:19:44,2024-12-26 20:19:44
OI-00054-2,ORD-00054,PROD-115,3,281.72,0,2024-12-26 20:19:44,2024-12-26 20:19:44
OI-00054-3,ORD-00054,PROD-109,4,774.44,0,2024-12-26 20:19:44,2024-12-26 20:19:44
OI-00055-1,ORD-00055,PROD-134,4,165.71,0,2024-12-06 21:13:48,2024-12-06 21:13:48
OI-00056-1,ORD-00056,PROD-137,2,276.02,70.76,2024-02-09 22:36:07,2024-02-09 22:36:07
OI-00056-2,ORD-00056,PROD-135,4,490.52,60.45,2024-02-09 22:36:07,2024-02-09 22:36:07
OI-00057-1,ORD-00057,PROD-109,1,774.44,0,2024-09-07 09:57:32,2024-09-07 09:57:32
OI-00057-2,ORD-00057,PROD-133,3,754.46,0,2024-09-07 09:57:32,2024-09-07 09:57:32
OI-00057-3,ORD-00057,PROD-127,4,631.92,1.14,2024-09-07 09:57:32,2024-09-07 09:57:32
OI-00057-4,ORD-00057,PROD-130,2,72.97,0,2024-09-07 09:57:32,2024-09-07 09:57:32
OI-00058-1,ORD-00058,PROD-131,1,207.47,5.6,2024-08-04 13:44:04,2024-08-04 13:44:04
OI-00059-1,ORD-00059,PROD-125,3,327.41,146.28,2024-11-24 19:41:26,2024-11-24 19:41:26
OI-00059-2,ORD-00059,PROD-106,4,210.4,0,2024-11-24 19:41:26,2024-11-24 19:41:26
OI-00059-3,ORD-00059,PROD-135,2,490.52,0,2024-11-24 19:41:26,2024-11-24 19:41:26
OI-00059-4,ORD-00059,PROD-109,1,774.44,0,2024-11-24 19:41:26,2024-11-24 19:41:26
OI-00060-1,ORD-00060,PROD-116,3,74.59,6.33,2024-12-10 19:34:27,2024-12-10 19:34:27
OI-00060-2,ORD-00060,PROD-130,1,72.97,7.23,2024-12-10 19:34:27,2024-12-10 19:34:27
OI-00061-1,ORD-00061,PROD-129,1,263.71,1.75,2024-01-09 11:13:04,2024-01-09 11:13:04
OI-00062-1,ORD-00062,PROD-115,3,281.72,111.09,2024-04-29 16:13:48,2024-04-29 16:13:48
OI-00062-2,ORD-00062,PROD-137,2,276.02,0,2024-04-29 16:13:48,2024-04-29 16:13:48
OI-00062-3,ORD-00062,PROD-121,3,261.06,111.43,2024-04-29 16:13:48,2024-04-29 16:13:48
OI-00063-1,ORD-00063,PROD-123,4,284.29,0,2024-03-30 18:43:27,2024-03-30 18:43:27
OI-00064-1,ORD-00064,PROD-135,2,490.52,0,2024-12-22 14:26:09,2024-12-22 14:26:09
OI-00064-2,ORD-00064,PROD-131,3,207.47,0,2024-12-22 14:26:09,2024-12-22 14:26:09
OI-00065-1,ORD-00065,PROD-125,3,327.41,95.28,2024-08-25 22:03:35,2024-08-25 22:03:35
OI-00065-2,ORD-00065,PROD-116,4,74.59,0,2024-08-25 22:03:35,2024-08-25 22:03:35
OI-00066-1,ORD-00066,PROD-139,2,478.09,0,2024-10-01 19:53:12,2024-10-01 19:53:12
OI-00066-2,ORD-00066,PROD-103,3,594.17,0,2024-10-01 19:53:12,2024-10-01 19:53:12
OI-00066-3,ORD-00066,PROD-105,1,798.17,22.75,2024-10-01 19:53:12,2024-10-01 19:53:12
OI-00066-4,ORD-00066,PROD-113,1,454.72,0,2024-10-01 19:53:12,2024-10-01 19:53:12
OI-00067-1,ORD-00067,PROD-116,4,74.59,0,2024-09-02 22:15:44,2024-09-02 22:15:44
OI-00067-2,ORD-00067,PROD-136,3,556.06,0,2024-09-02 22:15:44,2024-09-02 22:15:44
OI-00067-3,ORD-00067,PROD-121,3,261.06,0,2024-09-02 22:15:44,2024-09-02 22:15:44
OI-00067-4,ORD-00067,PROD-119,4,378.05,0,2024-09-02 22:15:44,2024-09-02 22:15:44
OI-00068-1,ORD-00068,PROD-127,2,631.92,0,2024-08-28 20:53:20,2024-08-28 20:53:20
OI-00068-2,ORD-00068,PROD-103,1,594.17,83.31,2024-08-28 20:53:20,2024-08-28 20:53:20
OI-00068-3,ORD-00068,PROD-137,4,276.02,32.49,2024-08-28 20:53:20,2024-08-28 20:53:20
OI-00069-1,ORD-00069,PROD-117,2,521.02,0,2024-07-13 17:53:15,2024-07-13 17:53:15
OI-00069-2,ORD-00069,PROD-132,3,381.18,123.56,2024-07-13 17:53:15,2024-07-13 17:53:15
OI-00069-3,ORD-00069,PROD-130,4,72.97,38.94,2024-07-13 17:53:15,2024-07-13 17:53:15
OI-00070-1,ORD-00070,PROD-127,2,631.92,0,2024-01-31 16:02:53,2024-01-31 16:02:53
OI-00071-1,ORD-00071,PROD-124,4,24.66,7.87,2024-02-04 19:09:00,2024-02-04 19:09:00
OI-00071-2,ORD-00071,PROD-104,4,537.47,170.73,2024-02-04 19:09:00,2024-02-04 19:09:00
OI-00071-3,ORD-00071,PROD-140,3,29.92,0,2024-02-04 19:09:00,2024-02-04 19:09:00
OI-00071-4,ORD-00071,PROD-131,3,207.47,75.92,2024-02-04 19:09:00,2024-02-04 19:09:00
OI-00072-1,ORD-00072,PROD-116,3,74.59,0,2024-08-08 20:58:11,2024-08-08 20:58:11
OI-00072-2,ORD-00072,PROD-113,3,454.72,0,2024-08-08 20:58:11,2024-08-08 20:58:11
OI-00073-1,ORD-00073,PROD-106,4,210.4,0,2024-07-10 14:29:36,2024-07-10 14:29:36
OI-00073-2,ORD-00073,PROD-103,4,594.17,3.37,2024-07-10 14:29:36,2024-07-10 14:29:36
OI-00073-3,ORD-00073,PROD-126,2,457.47,116.01,2024-07-10 14:29:36,2024-07-10 14:29:36
OI-00074-1,ORD-00074,PROD-114,4,516.29,286.28,2024-06-18 17:54:06,2024-06-18 17:54:06
OI-00074-2,ORD-00074,PROD-137,3,276.02,0,2024-06-18 17:54:06,2024-06-18 17:54:06
OI-00075-1,ORD-00075,PROD-138,4,228.67,0,2024-12-02 08:11:59,2024-12-02 08:11:59
OI-00075-2,ORD-00075,PROD-110,3,152.58,16.51,2024-12-02 08:11:59,2024-12-02 08:11:59
OI-00076-1,ORD-00076,PROD-106,3,210.4,41.38,2024-07-18 18:57:34,2024-07-18 18:57:34
OI-00076-2,ORD-00076,PROD-133,1,754.46,0,2024-07-18 18:57:34,2024-07-18 18:57:34
OI-00077-1,ORD-00077,PROD-129,3,263.71,0,2024-11-10 17:25:49,2024-11-10 17:25:49
OI-00077-2,ORD-00077,PROD-132,4,381.18,0,2024-11-10 17:25:49,2024-11-10 17:25:49
OI-00077-3,ORD-00077,PROD-115,4,281.72,104.57,2024-11-10 17:25:49,2024-11-10 17:25:49
OI-00078-1,ORD-00078,PROD-110,1,152.58,21.58,2024-05-06 19:04:05,2024-05-06 19:04:05
OI-00078-2,ORD-00078,PROD-125,4,327.41,0,2024-05-06 19:04:05,2024-05-06 19:04:05
OI-00078-3,ORD-00078,PROD-121,3,261.06,10.26,2024-05-06 19:04:05,2024-05-06 19:04:05
OI-00078-4,ORD-00078,PROD-124,4,24.66,0,2024-05-06 19:04:05,2024-05-06 19:04:05
OI-00079-1,ORD-00079,PROD-139,3,478.09,0,2024-09-19 14:06:01,2024-09-19 14:06:01
OI-00080-1,ORD-00080,PROD-137,2,276.02,0,2024-05-29 14:24:49,2024-05-29 14:24:49
OI-00080-2,ORD-00080,PROD-134,2,165.71,14.97,2024-05-29 14:24:49,2024-05-29 14:24:49
OI-00081-1,ORD-00081,PROD-131,3,207.47,0,2024-03-15 09:10:27,2024-03-15 09:10:27
OI-00081-2,ORD-00081,PROD-105,4,798.17,0,2024-03-15 09:10:27,2024-03-15 09:10:27
OI-00081-3,ORD-00081,PROD-124,2,24.66,0,2024-03-15 09:10:27,2024-03-15 09:10:27
OI-00082-1,ORD-00082,PROD-129,2,263.71,0,2024-06-04 08:25:21,2024-06-04 08:25:21
OI-00082-2,ORD-00082,PROD-122,2,896.26,0,2024-06-04 08:25:21,2024-06-04 08:25:21
OI-00082-3,ORD-00082,PROD-128,2,237.63,0,2024-06-04 08:25:21,2024-06-04 08:25:21
OI-00083-1,ORD-00083,PROD-121,3,261.06,0,2024-05-29 19:44:40,2024-05-29 19:44:40
OI-00083-2,ORD-00083,PROD-125,4,327.41,0,2024-05-29 19:44:40,2024-05-29 19:44:40
OI-00084-1,ORD-00084,PROD-130,2,72.97,0,2024-10-15 11:37:34,2024-10-15 11:37:34
OI-00085-1,ORD-00085,PROD-120,3,455.08,0,2024-12-20 09:52:54,2024-12-20 09:52:54
OI-00085-2,ORD-00085,PROD-116,4,74.59,0,2024-12-20 09:52:54,2024-12-20 09:52:54
OI-00086-1,ORD-00086,PROD-135,1,490.52,18.26,2024-08-17 17:30:37,2024-08-17 17:30:37
OI-00086-2,ORD-00086,PROD-103,3,594.17,163.82,2024-08-17 17:30:37,2024-08-17 17:30:37
OI-00086-3,ORD-00086,PROD-124,4,24.66,0,2024-08-17 17:30:37,2024-08-17 17:30:37
OI-00086-4,ORD-00086,PROD-139,3,478.09,0,2024-08-17 17:30:37,2024-08-17 17:30:37
OI-00087-1,ORD-00087,PROD-129,4,263.71,0,2024-02-24 08:06:16,2024-02-24 08:06:16
OI-00087-2,ORD-00087,PROD-124,2,24.66,0,2024-02-24 08:06:16,2024-02-24 08:06:16
OI-00088-1,ORD-00088,PROD-123,3,284.29,0,2024-09-04 09:18:26,2024-09-04 09:18:26
OI-00088-2,ORD-00088,PROD-120,2,455.08,0,2024-09-04 09:18:26,2024-09-04 09:18:26
OI-00089-1,ORD-00089,PROD-105,1,798.17,41.08,2024-08-31 09:28:46,2024-08-31 09:28:46
OI-00089-2,ORD-00089,PROD-120,1,455.08,0,2024-08-31 09:28:46,2024-08-31 09:28:46
OI-00089-3,ORD-00089,PROD-103,2,594.17,0,2024-08-31 09:28:46,2024-08-31 09:28:46
OI-00090-1,ORD-00090,PROD-115,4,281.72,103.8,2024-03-30 16:10:21,2024-03-30 16:10:21
OI-00090-2,ORD-00090,PROD-126,2,457.47,0,2024-03-30 16:10:21,2024-03-30 16:10:21
OI-00090-3,ORD-00090,PROD-112,4,437.58,0,2024-03-30 16:10:21,2024-03-30 16:10:21
OI-00090-4,ORD-00090,PROD-128,2,237.63,53.63,2024-03-30 16:10:21,2024-03-30 16:10:21
OI-00091-1,ORD-00091,PROD-121,1,261.06,33.78,2024-02-02 17:06:51,2024-02-02 17:06:51
OI-00091-2,ORD-00091,PROD-113,3,454.72,0,2024-02-02 17:06:51,2024-02-02 17:06:51
OI-00091-3,ORD-00091,PROD-130,4,72.97,0,2024-02-02 17:06:51,2024-02-02 17:06:51
OI-00092-1,ORD-00092,PROD-109,3,774.44,106.42,2024-06-29 21:29:39,2024-06-29 21:29:39
OI-00093-1,ORD-00093,PROD-137,4,276.02,105.25,2024-07-10 19:09:32,2024-07-10 19:09:32
OI-00093-2,ORD-00093,PROD-125,2,327.41,0,2024-07-10 19:09:32,2024-07-10 19:09:32
OI-00094-1,ORD-00094,PROD-123,1,284.29,0,2024-05-27 10:11:20,2024-05-27 10:11:20
OI-00095-1,ORD-00095,PROD-127,1,631.92,0,2024-07-15 16:32:41,2024-07-15 16:32:41
OI-00095-2,ORD-00095,PROD-129,2,263.71,21.74,2024-07-15 16:32:41,2024-07-15 16:32:41
OI-00095-3,ORD-00095,PROD-132,3,381.18,78.44,2024-07-15 16:32:41,2024-07-15 16:32:41
OI-00095-4,ORD-00095,PROD-111,4,831.12,0,2024-07-15 16:32:41,2024-07-15 16:32:41
OI-00096-1,ORD-00096,PROD-129,2,263.71,0,2024-10-20 09:17:49,2024-10-20 09:17:49
OI-00097-1,ORD-00097,PROD-123,1,284.29,0,2024-11-30 20:15:19,2024-11-30 20:15:19
OI-00097-2,ORD-00097,PROD-106,2,210.4,46.56,2024-11-30 20:15:19,2024-11-30 20:15:19
OI-00097-3,ORD-00097,PROD-129,3,263.71,0,2024-11-30 20:15:19,2024-11-30 20:15:19
OI-00098-1,ORD-00098,PROD-104,3,537.47,0,2024-11-19 14:10:39,2024-11-19 14:10:39
OI-00098-2,ORD-00098,PROD-137,2,276.02,0,2024-11-19 14:10:39,2024-11-19 14:10:39
OI-00099-1,ORD-00099,PROD-127,3,631.92,0,2024-05-29 12:36:17,2024-05-29 12:36:17
OI-00099-2,ORD-00099,PROD-104,2,537.47,0,2024-05-29 12:36:17,2024-05-29 12:36:17
OI-00100-1,ORD-00100,PROD-110,4,152.58,0,2024-05-07 10:45:20,2024-05-07 10:45:20
OI-00100-2,ORD-00100,PROD-137,1,276.02,0,2024-05-07 10:45:20,2024-05-07 10:45:20
OI-00100-3,ORD-00100,PROD-118,3,399.59,0,2024-05-07 10:45:20,2024-05-07 10:45:20
OI-00100-4,ORD-00100,PROD-127,3,631.92,0,2024-05-07 10:45:20,2024-05-07 10:45:20
OI-00101-1,ORD-00101,PROD-123,2,284.29,0,2024-06-16 17:00:55,2024-06-16 17:00:55
OI-00101-2,ORD-00101,PROD-105,2,798.17,0,2024-06-16 17:00:55,2024-06-16 17:00:55
OI-00101-3,ORD-00101,PROD-135,3,490.52,0,2024-06-16 17:00:55,2024-06-16 17:00:55
OI-00101-4,ORD-00101,PROD-126,3,457.47,0,2024-06-16 17:00:55,2024-06-16 17:00:55
OI-00102-1,ORD-00102,PROD-107,4,52.73,29.41,2024-09-05 20:21:57,2024-09-05 20:21:57
OI-00103-1,ORD-00103,PROD-111,3,831.12,139.07,2024-08-13 15:00:27,2024-08-13 15:00:27
OI-00103-2,ORD-00103,PROD-118,2,399.59,75.0,2024-08-13 15:00:27,2024-08-13 15:00:27
OI-00103-3,ORD-00103,PROD-106,2,210.4,0,2024-08-13 15:00:27,2024-08-13 15:00:27
OI-00104-1,ORD-00104,PROD-138,4,228.67,95.44,2024-12-26 09:00:13,2024-12-26 09:00:13
OI-00104-2,ORD-00104,PROD-115,1,281.72,0,2024-12-26 09:00:13,2024-12-26 09:00:13
OI-00105-1,ORD-00105,PROD-107,1,52.73,0,2024-12-21 10:30:04,2024-12-21 10:30:04
OI-00106-1,ORD-00106,PROD-134,1,165.71,0,2024-06-02 10:24:49,2024-06-02 10:24:49
OI-00107-1,ORD-00107,PROD-140,1,29.92,0.55,2024-08-13 13:46:13,2024-08-13 13:46:13
OI-00107-2,ORD-00107,PROD-129,4,263.71,0,2024-08-13 13:46:13,2024-08-13 13:46:13
OI-00107-3,ORD-00107,PROD-114,4,516.29,0,2024-08-13 13:46:13,2024-08-13 13:46:13
OI-00107-4,ORD-00107,PROD-106,2,210.4,40.69,2024-08-13 13:46:13,2024-08-13 13:46:13
OI-00108-1,ORD-00108,PROD-120,2,455.08,0,2024-10-10 17:38:46,2024-10-10 17:38:46
OI-00109-1,ORD-00109,PROD-132,1,381.18,36.48,2024-04-06 19:25:18,2024-04-06 19:25:18
OI-00109-2,ORD-00109,PROD-125,1,327.41,0,2024-04-06 19:25:18,2024-04-06 19:25:18
OI-00110-1,ORD-00110,PROD-124,1,24.66,0.25,2024-07-03 22:20:08,2024-07-03 22:20:08
OI-00110-2,ORD-00110,PROD-135,3,490.52,203.64,2024-07-03 22:20:08,2024-07-03 22:20:08
OI-00110-3,ORD-00110,PROD-112,4,437.58,0,2024-07-03 22:20:08,2024-07-03 22:20:08
OI-00110-4,ORD-00110,PROD-131,4,207.47,0,2024-07-03 22:20:08,2024-07-03 22:20:08
OI-00111-1,ORD-00111,PROD-106,2,210.4,0,2024-02-12 18:34:34,2024-02-12 18:34:34
OI-00111-2,ORD-00111,PROD-120,2,455.08,0,2024-02-12 18:34:34,2024-02-12 18:34:34
OI-00111-3,ORD-00111,PROD-133,4,754.46,0,2024-02-12 18:34:34,2024-02-12 18:34:34
OI-00112-1,ORD-00112,PROD-104,1,537.47,0,2024-11-28 18:41:04,2024-11-28 18:41:04
OI-00112-2,ORD-00112,PROD-116,1,74.59,0,2024-11-28 18:41:04,2024-11-28 18:41:04
OI-00113-1,ORD-00113,PROD-101,2,655.83,0,2024-01-29 12:42:47,2024-01-29 12:42:47
OI-00114-1,ORD-00114,PROD-124,3,24.66,0,2024-09-11 13:33:33,2024-09-11 13:33:33
OI-00114-2,ORD-00114,PROD-109,1,774.44,0,2024-09-11 13:33:33,2024-09-11 13:33:33
OI-00115-1,ORD-00115,PROD-132,4,381.18,0,2024-08-07 12:33:04,2024-08-07 12:33:04
OI-00116-1,ORD-00116,PROD-107,2,52.73,0,2024-09-12 21:36:10,2024-09-12 21:36:10
OI-00116-2,ORD-00116,PROD-137,1,276.02,35.73,2024-09-12 21:36:10,2024-09-12 21:36:10
OI-00116-3,ORD-00116,PROD-108,2,415.88,45.41,2024-09-12 21:36:10,2024-09-12 21:36:10
OI-00117-1,ORD-00117,PROD-115,3,281.72,9.87,2024-03-17 10:59:54,2024-03-17 10:59:54
OI-00117-2,ORD-00117,PROD-121,3,261.06,79.1,2024-03-17 10:59:54,2024-03-17 10:59:54
OI-00117-3,ORD-00117,PROD-116,1,74.59,9.0,2024-03-17 10:59:54,2024-03-17 10:59:54
OI-00117-4,ORD-00117,PROD-127,1,631.92,0,2024-03-17 10:59:54,2024-03-17 10:59:54
OI-00118-1,ORD-00118,PROD-136,4,556.06,66.95,2024-08-26 21:18:49,2024-08-26 21:18:49
OI-00119-1,ORD-00119,PROD-113,1,454.72,0,2024-06-04 19:39:15,2024-06-04 19:39:15
OI-00119-2,ORD-00119,PROD-135,1,490.52,25.49,2024-06-04 19:39:15,2024-06-04 19:39:15
OI-00119-3,ORD-00119,PROD-116,1,74.59,0,2024-06-04 19:39:15,2024-06-04 19:39:15
OI-00119-4,ORD-00119,PROD-110,1,152.58,0,2024-06-04 19:39:15,2024-06-04 19:39:15
OI-00120-1,ORD-00120,PROD-104,1,537.47,0,2024-06-06 09:13:33,2024-06-06 09:13:33
OI-00120-2,ORD-00120,PROD-110,4,152.58,0,2024-06-06 09:13:33,2024-06-06 09:13:33
OI-00120-3,ORD-00120,PROD-118,3,399.59,0,2024-06-06 09:13:33,2024-06-06 09:13:33
OI-00120-4,ORD-00120,PROD-106,1,210.4,0,2024-06-06 09:13:33,2024-06-06 09:13:33
OI-00121-1,ORD-00121,PROD-128,2,237.63,18.61,2024-03-09 18:52:25,2024-03-09 18:52:25
OI-00122-1,ORD-00122,PROD-118,2,399.59,0,2024-07-20 19:53:47,2024-07-20 19:53:47
OI-00122-2,ORD-00122,PROD-115,1,281.72,6.95,2024-07-20 19:53:47,2024-07-20 19:53:47
OI-00122-3,ORD-00122,PROD-105,4,798.17,0,2024-07-20 19:53:47,2024-07-20 19:53:47
OI-00122-4,ORD-00122,PROD-113,1,454.72,0,2024-07-20 19:53:47,2024-07-20 19:53:47
OI-00123-1,ORD-00123,PROD-111,3,831.12,0,2024-04-16 15:19:29,2024-04-16 15:19:29
OI-00124-1,ORD-00124,PROD-116,3,74.59,0,2024-11-04 08:13:53,2024-11-04 08:13:53
OI-00125-1,ORD-00125,PROD-129,4,263.71,125.6,2024-12-12 12:16:52,2024-12-12 12:16:52
OI-00125-2,ORD-00125,PROD-136,1,556.06,69.26,2024-12-12 12:16:52,2024-12-12 12:16:52
OI-00125-3,ORD-00125,PROD-116,2,74.59,18.43,2024-12-12 12:16:52,2024-12-12 12:16:52
OI-00125-4,ORD-00125,PROD-107,3,52.73,0,2024-12-12 12:16:52,2024-12-12 12:16:52
OI-00126-1,ORD-00126,PROD-113,4,454.72,0,2024-02-13 17:37:16,2024-02-13 17:37:16
OI-00127-1,ORD-00127,PROD-126,4,457.47,58.94,2024-06-18 09:02:29,2024-06-18 09:02:29
OI-00127-2,ORD-00127,PROD-132,2,381.18,51.0,2024-06-18 09:02:29,2024-06-18 09:02:29
OI-00127-3,ORD-00127,PROD-102,2,652.45,121.19,2024-06-18 09:02:29,2024-06-18 09:02:29
OI-00127-4,ORD-00127,PROD-125,2,327.41,0,2024-06-18 09:02:29,2024-06-18 09:02:29
OI-00128-1,ORD-00128,PROD-125,2,327.41,0,2024-07-29 22:35:30,2024-07-29 22:35:30
OI-00128-2,ORD-00128,PROD-109,2,774.44,0,2024-07-29 22:35:30,2024-07-29 22:35:30
OI-00128-3,ORD-00128,PROD-127,1,631.92,0,2024-07-29 22:35:30,2024-07-29 22:35:30
OI-00129-1,ORD-00129,PROD-125,1,327.41,0,2024-12-31 13:30:34,2024-12-31 13:30:34
OI-00129-2,ORD-00129,PROD-118,2,399.59,97.18,2024-12-31 13:30:34,2024-12-31 13:30:34
OI-00129-3,ORD-00129,PROD-112,3,437.58,195.24,2024-12-31 13:30:34,2024-12-31 13:30:34
OI-00130-1,ORD-00130,PROD-116,1,74.59,0,2024-07-02 20:37:14,2024-07-02 20:37:14
OI-00130-2,ORD-00130,PROD-118,2,399.59,0,2024-07-02 20:37:14,2024-07-02 20:37:14
OI-00131-1,ORD-00131,PROD-138,3,228.67,0,2024-07-17 13:59:53,2024-07-17 13:59:53
OI-00131-2,ORD-00131,PROD-121,1,261.06,0,2024-07-17 13:59:53,2024-07-17 13:59:53
OI-00132-1,ORD-00132,PROD-112,1,437.58,39.49,2024-10-17 17:09:36,2024-10-17 17:09:36
OI-00132-2,ORD-00132,PROD-132,1,381.18,0,2024-10-17 17:09:36,2024-10-17 17:09:36
OI-00132-3,ORD-00132,PROD-103,1,594.17,0,2024-10-17 17:09:36,2024-10-17 17:09:36
OI-00133-1,ORD-00133,PROD-104,2,537.47,0,2024-04-13 20:08:21,2024-04-13 20:08:21
OI-00133-2,ORD-00133,PROD-102,3,652.45,0,2024-04-13 20:08:21,2024-04-13 20:08:21
OI-00133-3,ORD-00133,PROD-110,3,152.58,0,2024-04-13 20:08:21,2024-04-13 20:08:21
OI-00134-1,ORD-00134,PROD-132,3,381.18,101.02,2024-02-21 13:19:20,2024-02-21 13:19:20
OI-00134-2,ORD-00134,PROD-121,2,261.06,0,2024-02-21 13:19:20,2024-02-21 13:19:20
OI-00134-3,ORD-00134,PROD-112,3,437.58,143.51,2024-02-21 13:19:20,2024-02-21 13:19:20
OI-00134-4,ORD-00134,PROD-136,4,556.06,0,2024-02-21 13:19:20,2024-02-21 13:19:20
OI-00135-1,ORD-00135,PROD-137,4,276.02,123.44,2024-10-17 08:11:38,2024-10-17 08:11:38
OI-00135-2,ORD-00135,PROD-107,2,52.73,0,2024-10-17 08:11:38,2024-10-17 08:11:38
OI-00136-1,ORD-00136,PROD-101,1,655.83,0,2024-03-26 18:56:05,2024-03-26 18:56:05
OI-00136-2,ORD-00136,PROD-117,1,521.02,0,2024-03-26 18:56:05,2024-03-26 18:56:05
OI-00136-3,ORD-00136,PROD-114,1,516.29,0,2024-03-26 18:56:05,2024-03-26 18:56:05
OI-00136-4,ORD-00136,PROD-116,4,74.59,0,2024-03-26 18:56:05,2024-03-26 18:56:05
OI-00137-1,ORD-00137,PROD-111,1,831.12,0,2024-07-12 13:34:24,2024-07-12 13:34:24
OI-00137-2,ORD-00137,PROD-129,1,263.71,12.61,2024-07-12 13:34:24,2024-07-12 13:34:24
OI-00138-1,ORD-00138,PROD-136,1,556.06,0,2024-02-07 13:10:56,2024-02-07 13:10:56
OI-00139-1,ORD-00139,PROD-111,2,831.12,0,2024-09-04 19:01:27,2024-09-04 19:01:27
OI-00139-2,ORD-00139,PROD-104,4,537.47,0,2024-09-04 19:01:27,2024-09-04 19:01:27
OI-00139-3,ORD-00139,PROD-107,3,52.73,0,2024-09-04 19:01:27,2024-09-04 19:01:27
OI-00139-4,ORD-00139,PROD-122,3,896.26,20.02,2024-09-04 19:01:27,2024-09-04 19:01:27
OI-00140-1,ORD-00140,PROD-128,1,237.63,23.6,2024-10-08 21:31:09,2024-10-08 21:31:09
OI-00141-1,ORD-00141,PROD-106,3,210.4,0,2024-09-02 11:06:01,2024-09-02 11:06:01
OI-00141-2,ORD-00141,PROD-131,4,207.47,0,2024-09-02 11:06:01,2024-09-02 11:06:01
OI-00141-3,ORD-00141,PROD-108,3,415.88,101.83,2024-09-02 11:06:01,2024-09-02 11:06:01
OI-00142-1,ORD-00142,PROD-117,4,521.02,0,2024-07-08 22:24:23,2024-07-08 22:24:23
OI-00143-1,ORD-00143,PROD-123,4,284.29,0,2024-05-17 17:03:09,2024-05-17 17:03:09
OI-00144-1,ORD-00144,PROD-137,1,276.02,0,2024-02-01 21:24:52,2024-02-01 21:24:52
OI-00144-2,ORD-00144,PROD-116,1,74.59,0,2024-02-01 21:24:52,2024-02-01 21:24:52
OI-00144-3,ORD-00144,PROD-131,2,207.47,47.13,2024-02-01 21:24:52,2024-02-01 21:24:52
OI-00144-4,ORD-00144,PROD-120,2,455.08,0,2024-02-01 21:24:52,2024-02-01 21:24:52
OI-00145-1,ORD-00145,PROD-128,2,237.63,0,2024-04-18 20:12:08,2024-04-18 20:12:08
OI-00146-1,ORD-00146,PROD-125,4,327.41,0,2024-03-16 21:38:16,2024-03-16 21:38:16
OI-00147-1,ORD-00147,PROD-108,1,415.88,0,2024-05-21 16:29:58,2024-05-21 16:29:58
OI-00147-2,ORD-00147,PROD-127,1,631.92,0,2024-05-21 16:29:58,2024-05-21 16:29:58
OI-00147-3,ORD-00147,PROD-110,3,152.58,0,2024-05-21 16:29:58,2024-05-21 16:29:58
OI-00147-4,ORD-00147,PROD-137,3,276.02,0,2024-05-21 16:29:58,2024-05-21 16:29:58
OI-00148-1,ORD-00148,PROD-110,1,152.58,0,2024-10-19 17:30:02,2024-10-19 17:30:02
OI-00148-2,ORD-00148,PROD-140,3,29.92,0,2024-10-19 17:30:02,2024-10-19 17:30:02
OI-00148-3,ORD-00148,PROD-139,1,478.09,0,2024-10-19 17:30:02,2024-10-19 17:30:02
OI-00148-4,ORD-00148,PROD-126,3,457.47,0,2024-10-19 17:30:02,2024-10-19 17:30:02
OI-00149-1,ORD-00149,PROD-107,4,52.73,0,2024-06-21 21:50:19,2024-06-21 21:50:19
OI-00149-2,ORD-00149,PROD-115,3,281.72,52.84,2024-06-21 21:50:19,2024-06-21 21:50:19
OI-00149-3,ORD-00149,PROD-109,1,774.44,24.56,2024-06-21 21:50:19,2024-06-21 21:50:19
OI-00149-4,ORD-00149,PROD-120,4,455.08,0,2024-06-21 21:50:19,2024-06-21 21:50:19
OI-00150-1,ORD-00150,PROD-105,4,798.17,407.69,2024-09-21 21:23:52,2024-09-21 21:23:52
OI-00150-2,ORD-00150,PROD-120,1,455.08,59.74,2024-09-21 21:23:52,2024-09-21 21:23:52
OI-00151-1,ORD-00151,PROD-118,4,399.59,0,2024-01-30 11:02:29,2024-01-30 11:02:29
OI-00151-2,ORD-00151,PROD-124,1,24.66,0,2024-01-30 11:02:29,2024-01-30 11:02:29
OI-00152-1,ORD-00152,PROD-123,1,284.29,16.48,2024-07-09 15:38:28,2024-07-09 15:38:28
OI-00152-2,ORD-00152,PROD-111,2,831.12,0,2024-07-09 15:38:28,2024-07-09 15:38:28
OI-00152-3,ORD-00152,PROD-117,2,521.02,0,2024-07-09 15:38:28,2024-07-09 15:38:28
OI-00153-1,ORD-00153,PROD-101,4,655.83,0,2024-04-25 18:13:17,2024-04-25 18:13:17
OI-00154-1,ORD-00154,PROD-118,3,399.59,0,2024-03-29 17:51:00,2024-03-29 17:51:00
OI-00154-2,ORD-00154,PROD-128,2,237.63,0,2024-03-29 17:51:00,2024-03-29 17:51:00
OI-00154-3,ORD-00154,PROD-125,4,327.41,0,2024-03-29 17:51:00,2024-03-29 17:51:00
OI-00155-1,ORD-00155,PROD-120,1,455.08,0,2024-09-18 18:53:53,2024-09-18 18:53:53
OI-00155-2,ORD-00155,PROD-107,3,52.73,0,2024-09-18 18:53:53,2024-09-18 18:53:53
OI-00155-3,ORD-00155,PROD-131,3,207.47,66.39,2024-09-18 18:53:53,2024-09-18 18:53:53
OI-00156-1,ORD-00156,PROD-139,4,478.09,0,2024-11-29 12:12:09,2024-11-29 12:12:09
OI-00157-1,ORD-00157,PROD-127,1,631.92,0,2024-03-12 19:01:41,2024-03-12 19:01:41
OI-00157-2,ORD-00157,PROD-126,2,457.47,0,2024-03-12 19:01:41,2024-03-12 19:01:41
OI-00157-3,ORD-00157,PROD-125,2,327.41,0,2024-03-12 19:01:41,2024-03-12 19:01:41
OI-00158-1,ORD-00158,PROD-136,3,556.06,32.02,2024-08-31 22:42:22,2024-08-31 22:42:22
OI-00158-2,ORD-00158,PROD-112,3,437.58,0,2024-08-31 22:42:22,2024-08-31 22:42:22
OI-00159-1,ORD-00159,PROD-123,3,284.29,0,2024-04-03 18:57:21,2024-04-03 18:57:21
OI-00159-2,ORD-00159,PROD-115,3,281.72,0,2024-04-03 18:57:21,2024-04-03 18:57:21
OI-00160-1,ORD-00160,PROD-131,2,207.47,0,2024-05-30 15:54:07,2024-05-30 15:54:07
OI-00161-1,ORD-00161,PROD-109,3,774.44,0,2024-12-14 14:33:19,2024-12-14 14:33:19
OI-00161-2,ORD-00161,PROD-113,4,454.72,235.29,2024-12-14 14:33:19,2024-12-14 14:33:19
OI-00162-1,ORD-00162,PROD-101,4,655.83,299.53,2024-02-11 15:21:40,2024-02-11 15:21:40
OI-00163-1,ORD-00163,PROD-128,1,237.63,7.11,2024-10-22 20:10:31,2024-10-22 20:10:31
OI-00163-2,ORD-00163,PROD-126,3,457.47,0,2024-10-22 20:10:31,2024-10-22 20:10:31
OI-00163-3,ORD-00163,PROD-131,3,207.47,0,2024-10-22 20:10:31,2024-10-22 20:10:31
OI-00163-4,ORD-00163,PROD-125,2,327.41,0.41,2024-10-22 20:10:31,2024-10-22 20:10:31
OI-00164-1,ORD-00164,PROD-107,3,52.73,19.55,2024-05-07 11:44:56,2024-05-07 11:44:56
OI-00164-2,ORD-00164,PROD-125,3,327.41,0,2024-05-07 11:44:56,2024-05-07 11:44:56
OI-00165-1,ORD-00165,PROD-132,2,381.18,0,2024-09-23 17:33:21,2024-09-23 17:33:21
OI-00165-2,ORD-00165,PROD-123,4,284.29,38.26,2024-09-23 17:33:21,2024-09-23 17:33:21
OI-00165-3,ORD-00165,PROD-113,2,454.72,2.99,2024-09-23 17:33:21,2024-09-23 17:33:21
OI-00166-1,ORD-00166,PROD-117,1,521.02,0,2024-03-27 09:23:45,2024-03-27 09:23:45
OI-00166-2,ORD-00166,PROD-135,1,490.52,8.52,2024-03-27 09:23:45,2024-03-27 09:23:45
OI-00166-3,ORD-00166,PROD-140,4,29.92,0,2024-03-27 09:23:45,2024-03-27 09:23:45
OI-00166-4,ORD-00166,PROD-104,3,537.47,0,2024-03-27 09:23:45,2024-03-27 09:23:45
OI-00167-1,ORD-00167,PROD-107,2,52.73,0,2024-04-15 19:43:40,2024-04-15 19:43:40
OI-00167-2,ORD-00167,PROD-134,1,165.71,0,2024-04-15 19:43:40,2024-04-15 19:43:40
OI-00167-3,ORD-00167,PROD-118,1,399.59,47.04,2024-04-15 19:43:40,2024-04-15 19:43:40
OI-00167-4,ORD-00167,PROD-140,4,29.92,3.59,2024-04-15 19:43:40,2024-04-15 19:43:40
OI-00168-1,ORD-00168,PROD-103,4,594.17,0,2024-09-24 11:22:45,2024-09-24 11:22:45
OI-00168-2,ORD-00168,PROD-136,4,556.06,0,2024-09-24 11:22:45,2024-09-24 11:22:45
OI-00169-1,ORD-00169,PROD-110,1,152.58,0,2024-01-07 18:05:58,2024-01-07 18:05:58
OI-00169-2,ORD-00169,PROD-106,2,210.4,0,2024-01-07 18:05:58,2024-01-07 18:05:58
OI-00169-3,ORD-00169,PROD-133,3,754.46,17.0,2024-01-07 18:05:58,2024-01-07 18:05:58
OI-00169-4,ORD-00169,PROD-105,2,798.17,0,2024-01-07 18:05:58,2024-01-07 18:05:58
OI-00170-1,ORD-00170,PROD-107,1,52.73,1.09,2024-05-28 13:51:43,2024-05-28 13:51:43
OI-00171-1,ORD-00171,PROD-106,2,210.4,25.26,2024-03-28 13:22:57,2024-03-28 13:22:57
OI-00171-2,ORD-00171,PROD-124,4,24.66,5.71,2024-03-28 13:22:57,2024-03-28 13:22:57
OI-00171-3,ORD-00171,PROD-122,4,896.26,0,2024-03-28 13:22:57,2024-03-28 13:22:57
OI-00172-1,ORD-00172,PROD-107,4,52.73,0,2024-03-26 09:08:44,2024-03-26 09:08:44
OI-00172-2,ORD-00172,PROD-127,4,631.92,143.98,2024-03-26 09:08:44,2024-03-26 09:08:44
OI-00173-1,ORD-00173,PROD-108,1,415.88,19.6,2024-12-16 22:53:46,2024-12-16 22:53:46
OI-00173-2,ORD-00173,PROD-127,2,631.92,0,2024-12-16 22:53:46,2024-12-16 22:53:46
OI-00173-3,ORD-00173,PROD-129,3,263.71,0,2024-12-16 22:53:46,2024-12-16 22:53:46
OI-00173-4,ORD-00173,PROD-103,1,594.17,0,2024-12-16 22:53:46,2024-12-16 22:53:46
OI-00174-1,ORD-00174,PROD-136,1,556.06,77.93,2024-05-07 15:22:42,2024-05-07 15:22:42
OI-00174-2,ORD-00174,PROD-140,4,29.92,0,2024-05-07 15:22:42,2024-05-07 15:22:42
OI-00175-1,ORD-00175,PROD-118,2,399.59,0,2024-03-25 09:48:31,2024-03-25 09:48:31
OI-00175-2,ORD-00175,PROD-104,4,537.47,0,2024-03-25 09:48:31,2024-03-25 09:48:31
OI-00175-3,ORD-00175,PROD-133,2,754.46,100.54,2024-03-25 09:48:31,2024-03-25 09:48:31
OI-00176-1,ORD-00176,PROD-132,1,381.18,23.58,2024-08-17 09:54:31,2024-08-17 09:54:31
OI-00177-1,ORD-00177,PROD-133,4,754.46,0,2024-10-08 08:52:05,2024-10-08 08:52:05
OI-00177-2,ORD-00177,PROD-136,3,556.06,0,2024-10-08 08:52:05,2024-10-08 08:52:05
OI-00177-3,ORD-00177,PROD-114,2,516.29,0,2024-10-08 08:52:05,2024-10-08 08:52:05
OI-00178-1,ORD-00178,PROD-108,3,415.88,0,2024-10-13 20:39:38,2024-10-13 20:39:38
OI-00178-2,ORD-00178,PROD-107,3,52.73,0,2024-10-13 20:39:38,2024-10-13 20:39:38
OI-00178-3,ORD-00178,PROD-115,3,281.72,0,2024-10-13 20:39:38,2024-10-13 20:39:38
OI-00178-4,ORD-00178,PROD-101,1,655.83,0,2024-10-13 20:39:38,2024-10-13 20:39:38
OI-00179-1,ORD-00179,PROD-117,2,521.02,145.4,2024-03-12 21:45:47,2024-03-12 21:45:47
OI-00180-1,ORD-00180,PROD-129,4,263.71,0,2024-04-07 19:21:06,2024-04-07 19:21:06
OI-00181-1,ORD-00181,PROD-138,2,228.67,0,2024-03-09 15:00:33,2024-03-09 15:00:33
OI-00181-2,ORD-00181,PROD-131,2,207.47,40.92,2024-03-09 15:00:33,2024-03-09 15:00:33
OI-00181-3,ORD-00181,PROD-133,3,754.46,0,2024-03-09 15:00:33,2024-03-09 15:00:33
OI-00181-4,ORD-00181,PROD-112,4,437.58,0,2024-03-09 15:00:33,2024-03-09 15:00:33
OI-00182-1,ORD-00182,PROD-109,3,774.44,0,2024-05-07 12:25:21,2024-05-07 12:25:21
OI-00182-2,ORD-00182,PROD-127,3,631.92,0,2024-05-07 12:25:21,2024-05-07 12:25:21
OI-00183-1,ORD-00183,PROD-123,3,284.29,0,2024-10-10 18:13:12,2024-10-10 18:13:12
OI-00183-2,ORD-00183,PROD-109,3,774.44,0,2024-10-10 18:13:12,2024-10-10 18:13:12
OI-00183-3,ORD-00183,PROD-112,4,437.58,0,2024-10-10 18:13:12,2024-10-10 18:13:12
OI-00184-1,ORD-00184,PROD-102,4,652.45,262.38,2024-09-30 12:56:54,2024-09-30 12:56:54
OI-00185-1,ORD-00185,PROD-104,2,537.47,0,2024-05-16 20:50:10,2024-05-16 20:50:10
OI-00185-2,ORD-00185,PROD-119,1,378.05,0,2024-05-16 20:50:10,2024-05-16 20:50:10
OI-00186-1,ORD-00186,PROD-136,2,556.06,0,2024-02-22 17:55:43,2024-02-22 17:55:43
OI-00186-2,ORD-00186,PROD-125,3,327.41,0,2024-02-22 17:55:43,2024-02-22 17:55:43
OI-00187-1,ORD-00187,PROD-101,3,655.83,256.42,2024-07-17 14:50:43,2024-07-17 14:50:43
OI-00188-1,ORD-00188,PROD-113,4,454.72,186.25,2024-08-14 21:14:58,2024-08-14 21:14:58
OI-00188-2,ORD-00188,PROD-119,2,378.05,0,2024-08-14 21:14:58,2024-08-14 21:14:58
OI-00189-1,ORD-00189,PROD-109,3,774.44,162.52,2024-09-20 09:24:02,2024-09-20 09:24:02
OI-00189-2,ORD-00189,PROD-111,2,831.12,231.54,2024-09-20 09:24:02,2024-09-20 09:24:02
OI-00189-3,ORD-00189,PROD-138,1,228.67,0,2024-09-20 09:24:02,2024-09-20 09:24:02
OI-00190-1,ORD-00190,PROD-105,2,798.17,0,2024-11-11 21:42:19,2024-11-11 21:42:19
OI-00190-2,ORD-00190,PROD-121,1,261.06,0,2024-11-11 21:42:19,2024-11-11 21:42:19
OI-00190-3,ORD-00190,PROD-134,2,165.71,0,2024-11-11 21:42:19,2024-11-11 21:42:19
OI-00191-1,ORD-00191,PROD-124,4,24.66,0,2024-07-25 09:22:14,2024-07-25 09:22:14
OI-00191-2,ORD-00191,PROD-119,1,378.05,19.62,2024-07-25 09:22:14,2024-07-25 09:22:14
OI-00191-3,ORD-00191,PROD-114,2,516.29,0,2024-07-25 09:22:14,2024-07-25 09:22:14
OI-00192-1,ORD-00192,PROD-125,3,327.41,0,2024-11-14 11:02:43,2024-11-14 11:02:43
OI-00193-1,ORD-00193,PROD-132,3,381.18,0,2024-01-13 22:33:52,2024-01-13 22:33:52
OI-00193-2,ORD-00193,PROD-103,1,594.17,85.23,2024-01-13 22:33:52,2024-01-13 22:33:52
OI-00193-3,ORD-00193,PROD-119,1,378.05,0,2024-01-13 22:33:52,2024-01-13 22:33:52
OI-00193-4,ORD-00193,PROD-113,2,454.72,0,2024-01-13 22:33:52,2024-01-13 22:33:52
OI-00194-1,ORD-00194,PROD-105,3,798.17,26.31,2024-04-19 21:43:27,2024-04-19 21:43:27
OI-00194-2,ORD-00194,PROD-110,2,152.58,0,2024-04-19 21:43:27,2024-04-19 21:43:27
OI-00194-3,ORD-00194,PROD-102,1,652.45,0,2024-04-19 21:43:27,2024-04-19 21:43:27
OI-00194-4,ORD-00194,PROD-130,2,72.97,0,2024-04-19 21:43:27,2024-04-19 21:43:27
OI-00195-1,ORD-00195,PROD-125,1,327.41,0,2024-07-17 15:40:25,2024-07-17 15:40:25
OI-00196-1,ORD-00196,PROD-123,1,284.29,29.25,2024-11-12 09:48:47,2024-11-12 09:48:47
OI-00197-1,ORD-00197,PROD-102,2,652.45,76.53,2024-02-14 12:48:59,2024-02-14 12:48:59
OI-00197-2,ORD-00197,PROD-131,3,207.47,0,2024-02-14 12:48:59,2024-02-14 12:48:59
OI-00197-3,ORD-00197,PROD-111,2,831.12,221.16,2024-02-14 12:48:59,2024-02-14 12:48:59
OI-00197-4,ORD-00197,PROD-135,3,490.52,0,2024-02-14 12:48:59,2024-02-14 12:48:59
OI-00198-1,ORD-00198,PROD-137,4,276.02,0,2024-10-10 21:35:09,2024-10-10 21:35:09
OI-00199-1,ORD-00199,PROD-127,2,631.92,41.86,2024-06-05 11:47:47,2024-06-05 11:47:47
OI-00199-2,ORD-00199,PROD-133,3,754.46,61.57,2024-06-05 11:47:47,2024-06-05 11:47:47
OI-00200-1,ORD-00200,PROD-119,1,378.05,11.2,2024-01-28 21:48:59,2024-01-28 21:48:59
OI-00201-1,ORD-00201,PROD-119,1,378.05,0,2024-09-06 13:22:08,2024-09-06 13:22:08
OI-00202-1,ORD-00202,PROD-137,3,276.02,0,2024-09-05 15:21:39,2024-09-05 15:21:39
OI-00202-2,ORD-00202,PROD-124,2,24.66,1.82,2024-09-05 15:21:39,2024-09-05 15:21:39
OI-00203-1,ORD-00203,PROD-122,4,896.26,0,2024-12-30 19:41:27,2024-12-30 19:41:27
OI-00203-2,ORD-00203,PROD-131,3,207.47,0,2024-12-30 19:41:27,2024-12-30 19:41:27
OI-00204-1,ORD-00204,PROD-117,1,521.02,0,2024-03-30 18:38:05,2024-03-30 18:38:05
OI-00204-2,ORD-00204,PROD-105,1,798.17,0,2024-03-30 18:38:05,2024-03-30 18:38:05
OI-00205-1,ORD-00205,PROD-135,3,490.52,0,2024-07-26 20:37:13,2024-07-26 20:37:13
OI-00205-2,ORD-00205,PROD-131,3,207.47,46.79,2024-07-26 20:37:13,2024-07-26 20:37:13
OI-00205-3,ORD-00205,PROD-110,1,152.58,0,2024-07-26 20:37:13,2024-07-26 20:37:13
OI-00206-1,ORD-00206,PROD-129,2,263.71,0,2024-01-06 18:15:54,2024-01-06 18:15:54
OI-00206-2,ORD-00206,PROD-111,2,831.12,0,2024-01-06 18:15:54,2024-01-06 18:15:54
OI-00207-1,ORD-00207,PROD-117,3,521.02,156.76,2024-07-02 08:14:48,2024-07-02 08:14:48
OI-00208-1,ORD-00208,PROD-121,1,261.06,0,2024-07-03 14:30:58,2024-07-03 14:30:58
OI-00209-1,ORD-00209,PROD-125,1,327.41,0,2024-11-20 21:17:53,2024-11-20 21:17:53
OI-00209-2,ORD-00209,PROD-124,4,24.66,0,2024-11-20 21:17:53,2024-11-20 21:17:53
OI-00210-1,ORD-00210,PROD-133,2,754.46,0,2024-06-29 21:55:22,2024-06-29 21:55:22
OI-00211-1,ORD-00211,PROD-111,1,831.12,0,2024-02-09 16:41:17,2024-02-09 16:41:17
OI-00211-2,ORD-00211,PROD-124,4,24.66,0,2024-02-09 16:41:17,2024-02-09 16:41:17
OI-00212-1,ORD-00212,PROD-127,2,631.92,108.72,2024-02-28 15:43:30,2024-02-28 15:43:30
OI-00212-2,ORD-00212,PROD-102,2,652.45,100.34,2024-02-28 15:43:30,2024-02-28 15:43:30
OI-00213-1,ORD-00213,PROD-139,1,478.09,43.5,2024-10-20 10:03:10,2024-10-20 10:03:10
OI-00213-2,ORD-00213,PROD-137,4,276.02,0,2024-10-20 10:03:10,2024-10-20 10:03:10
OI-00213-3,ORD-00213,PROD-102,2,652.45,80.4,2024-10-20 10:03:10,2024-10-20 10:03:10
OI-00213-4,ORD-00213,PROD-119,2,378.05,0,2024-10-20 10:03:10,2024-10-20 10:03:10
OI-00214-1,ORD-00214,PROD-130,1,72.97,4.22,2024-04-03 17:42:32,2024-04-03 17:42:32
OI-00214-2,ORD-00214,PROD-139,1,478.09,37.49,2024-04-03 17:42:32,2024-04-03 17:42:32
OI-00214-3,ORD-00214,PROD-138,4,228.67,0,2024-04-03 17:42:32,2024-04-03 17:42:32
OI-00215-1,ORD-00215,PROD-135,1,490.52,48.52,2024-02-19 10:30:57,2024-02-19 10:30:57
OI-00216-1,ORD-00216,PROD-124,2,24.66,0,2024-11-04 16:52:00,2024-11-04 16:52:00
OI-00216-2,ORD-00216,PROD-103,4,594.17,0,2024-11-04 16:52:00,2024-11-04 16:52:00
OI-00216-3,ORD-00216,PROD-134,4,165.71,0,2024-11-04 16:52:00,2024-11-04 16:52:00
OI-00216-4,ORD-00216,PROD-128,1,237.63,0,2024-11-04 16:52:00,2024-11-04 16:52:00
OI-00217-1,ORD-00217,PROD-117,1,521.02,0,2024-09-01 20:14:58,2024-09-01 20:14:58
OI-00217-2,ORD-00217,PROD-113,4,454.72,0,2024-09-01 20:14:58,2024-09-01 20:14:58
OI-00217-3,ORD-00217,PROD-101,3,655.83,0,2024-09-01 20:14:58,2024-09-01 20:14:58
OI-00217-4,ORD-00217,PROD-137,1,276.02,26.98,2024-09-01 20:14:58,2024-09-01 20:14:58
OI-00218-1,ORD-00218,PROD-126,4,457.47,153.46,2024-05-13 21:34:27,2024-05-13 21:34:27
OI-00218-2,ORD-00218,PROD-114,4,516.29,94.99,2024-05-13 21:34:27,2024-05-13 21:34:27
OI-00218-3,ORD-00218,PROD-127,3,631.92,0,2024-05-13 21:34:27,2024-05-13 21:34:27
OI-00219-1,ORD-00219,PROD-111,4,831.12,0,2024-03-11 21:55:42,2024-03-11 21:55:42
OI-00219-2,ORD-00219,PROD-107,1,52.73,7.63,2024-03-11 21:55:42,2024-03-11 21:55:42
OI-00219-3,ORD-00219,PROD-114,1,516.29,0,2024-03-11 21:55:42,2024-03-11 21:55:42
OI-00219-4,ORD-00219,PROD-133,2,754.46,0,2024-03-11 21:55:42,2024-03-11 21:55:42
OI-00220-1,ORD-00220,PROD-139,1,478.09,0,2024-08-10 09:04:16,2024-08-10 09:04:16
OI-00221-1,ORD-00221,PROD-112,4,437.58,0,2024-07-24 17:41:33,2024-07-24 17:41:33
OI-00222-1,ORD-00222,PROD-139,2,478.09,0,2024-12-02 22:51:33,2024-12-02 22:51:33
OI-00223-1,ORD-00223,PROD-118,4,399.59,0,2024-01-19 13:15:41,2024-01-19 13:15:41
OI-00224-1,ORD-00224,PROD-136,3,556.06,0,2024-07-26 17:12:33,2024-07-26 17:12:33
OI-00225-1,ORD-00225,PROD-130,1,72.97,4.46,2024-10-25 13:22:52,2024-10-25 13:22:52
OI-00225-2,ORD-00225,PROD-126,1,457.47,0,2024-10-25 13:22:52,2024-10-25 13:22:52
OI-00226-1,ORD-00226,PROD-129,4,263.71,0,2024-05-30 13:07:51,2024-05-30 13:07:51
OI-00226-2,ORD-00226,PROD-125,3,327.41,0,2024-05-30 13:07:51,2024-05-30 13:07:51
OI-00226-3,ORD-00226,PROD-137,4,276.02,0,2024-05-30 13:07:51,2024-05-30 13:07:51
OI-00227-1,ORD-00227,PROD-125,2,327.41,0,2024-10-27 21:01:30,2024-10-27 21:01:30
OI-00228-1,ORD-00228,PROD-116,4,74.59,0,2024-06-10 14:22:33,2024-06-10 14:22:33
OI-00228-2,ORD-00228,PROD-119,3,378.05,158.45,2024-06-10 14:22:33,2024-06-10 14:22:33
OI-00228-3,ORD-00228,PROD-106,4,210.4,0,2024-06-10 14:22:33,2024-06-10 14:22:33
OI-00229-1,ORD-00229,PROD-113,2,454.72,34.06,2024-10-20 12:11:47,2024-10-20 12:11:47
OI-00229-2,ORD-00229,PROD-116,3,74.59,3.58,2024-10-20 12:11:47,2024-10-20 12:11:47
OI-00229-3,ORD-00229,PROD-117,1,521.02,0,2024-10-20 12:11:47,2024-10-20 12:11:47
OI-00229-4,ORD-00229,PROD-114,4,516.29,0,2024-10-20 12:11:47,2024-10-20 12:11:47
OI-00230-1,ORD-00230,PROD-132,4,381.18,174.79,2024-10-04 08:54:30,2024-10-04 08:54:30
OI-00230-2,ORD-00230,PROD-137,3,276.02,0,2024-10-04 08:54:30,2024-10-04 08:54:30
OI-00230-3,ORD-00230,PROD-118,2,399.59,95.81,2024-10-04 08:54:30,2024-10-04 08:54:30
OI-00231-1,ORD-00231,PROD-108,1,415.88,13.15,2024-10-03 08:32:22,2024-10-03 08:32:22
OI-00231-2,ORD-00231,PROD-134,1,165.71,0,2024-10-03 08:32:22,2024-10-03 08:32:22
OI-00231-3,ORD-00231,PROD-130,3,72.97,8.63,2024-10-03 08:32:22,2024-10-03 08:32:22
OI-00231-4,ORD-00231,PROD-121,3,261.06,0,2024-10-03 08:32:22,2024-10-03 08:32:22
OI-00232-1,ORD-00232,PROD-124,2,24.66,0,2024-06-24 13:11:31,2024-06-24 13:11:31
OI-00232-2,ORD-00232,PROD-126,2,457.47,0,2024-06-24 13:11:31,2024-06-24 13:11:31
OI-00232-3,ORD-00232,PROD-118,3,399.59,0,2024-06-24 13:11:31,2024-06-24 13:11:31
OI-00232-4,ORD-00232,PROD-129,4,263.71,0,2024-06-24 13:11:31,2024-06-24 13:11:31
OI-00233-1,ORD-00233,PROD-127,2,631.92,0,2024-03-15 20:47:09,2024-03-15 20:47:09
OI-00233-2,ORD-00233,PROD-132,3,381.18,0,2024-03-15 20:47:09,2024-03-15 20:47:09
OI-00234-1,ORD-00234,PROD-111,1,831.12,31.7,2024-05-08 16:54:36,2024-05-08 16:54:36
OI-00235-1,ORD-00235,PROD-124,3,24.66,1.35,2024-11-18 09:28:47,2024-11-18 09:28:47
OI-00235-2,ORD-00235,PROD-136,2,556.06,0,2024-11-18 09:28:47,2024-11-18 09:28:47
OI-00235-3,ORD-00235,PROD-117,2,521.02,0,2024-11-18 09:28:47,2024-11-18 09:28:47
OI-00236-1,ORD-00236,PROD-125,3,327.41,0,2024-06-30 13:43:32,2024-06-30 13:43:32
OI-00237-1,ORD-00237,PROD-105,2,798.17,0,2024-03-26 18:51:59,2024-03-26 18:51:59
OI-00237-2,ORD-00237,PROD-106,3,210.4,0,2024-03-26 18:51:59,2024-03-26 18:51:59
OI-00237-3,ORD-00237,PROD-111,4,831.12,221.86,2024-03-26 18:51:59,2024-03-26 18:51:59
OI-00237-4,ORD-00237,PROD-122,3,896.26,0,2024-03-26 18:51:59,2024-03-26 18:51:59
OI-00238-1,ORD-00238,PROD-117,2,521.02,16.1,2024-08-18 14:10:11,2024-08-18 14:10:11
OI-00238-2,ORD-00238,PROD-106,1,210.4,0,2024-08-18 14:10:11,2024-08-18 14:10:11
OI-00239-1,ORD-00239,PROD-107,3,52.73,0,2024-10-07 08:01:49,2024-10-07 08:01:49
OI-00240-1,ORD-00240,PROD-119,2,378.05,95.1,2024-12-01 22:56:24,2024-12-01 22:56:24
OI-00240-2,ORD-00240,PROD-129,1,263.71,14.12,2024-12-01 22:56:24,2024-12-01 22:56:24
OI-00241-1,ORD-00241,PROD-109,4,774.44,0,2024-06-15 21:30:29,2024-06-15 21:30:29
OI-00241-2,ORD-00241,PROD-135,4,490.52,0,2024-06-15 21:30:29,2024-06-15 21:30:29
OI-00241-3,ORD-00241,PROD-112,3,437.58,0,2024-06-15 21:30:29,2024-06-15 21:30:29
OI-00241-4,ORD-00241,PROD-138,4,228.67,0,2024-06-15 21:30:29,2024-06-15 21:30:29
OI-00242-1,ORD-00242,PROD-120,1,455.08,0,2024-02-15 15:19:23,2024-02-15 15:19:23
OI-00242-2,ORD-00242,PROD-101,2,655.83,0,2024-02-15 15:19:23,2024-02-15 15:19:23
OI-00243-1,ORD-00243,PROD-101,2,655.83,0,2024-09-30 08:44:59,2024-09-30 08:44:59
OI-00243-2,ORD-00243,PROD-128,3,237.63,94.33,2024-09-30 08:44:59,2024-09-30 08:44:59
OI-00243-3,ORD-00243,PROD-119,4,378.05,0,2024-09-30 08:44:59,2024-09-30 08:44:59
OI-00244-1,ORD-00244,PROD-128,2,237.63,0,2024-11-26 14:53:24,2024-11-26 14:53:24
OI-00245-1,ORD-00245,PROD-127,2,631.92,20.92,2024-11-09 20:44:43,2024-11-09 20:44:43
OI-00245-2,ORD-00245,PROD-113,4,454.72,0,2024-11-09 20:44:43,2024-11-09 20:44:43
OI-00245-3,ORD-00245,PROD-105,3,798.17,0,2024-11-09 20:44:43,2024-11-09 20:44:43
OI-00246-1,ORD-00246,PROD-112,1,437.58,8.21,2024-04-06 13:01:09,2024-04-06 13:01:09
OI-00247-1,ORD-00247,PROD-122,3,896.26,0,2024-01-05 11:05:09,2024-01-05 11:05:09
OI-00247-2,ORD-00247,PROD-127,4,631.92,0,2024-01-05 11:05:09,2024-01-05 11:05:09
OI-00248-1,ORD-00248,PROD-118,4,399.59,112.72,2024-12-22 20:02:21,2024-12-22 20:02:21
OI-00249-1,ORD-00249,PROD-125,2,327.41,0,2024-05-08 21:24:53,2024-05-08 21:24:53
OI-00249-2,ORD-00249,PROD-129,1,263.71,29.09,2024-05-08 21:24:53,2024-05-08 21:24:53
OI-00250-1,ORD-00250,PROD-111,1,831.12,79.6,2024-09-23 18:13:30,2024-09-23 18:13:30
OI-00250-2,ORD-00250,PROD-103,2,594.17,0,2024-09-23 18:13:30,2024-09-23 18:13:30
OI-00250-3,ORD-00250,PROD-136,1,556.06,0,2024-09-23 18:13:30,2024-09-23 18:13:30
OI-00251-1,ORD-00251,PROD-118,1,399.59,0,2024-02-27 11:40:27,2024-02-27 11:40:27
OI-00251-2,ORD-00251,PROD-138,2,228.67,2.88,2024-02-27 11:40:27,2024-02-27 11:40:27
OI-00252-1,ORD-00252,PROD-116,2,74.59,0,2024-12-19 15:44:38,2024-12-19 15:44:38
OI-00253-1,ORD-00253,PROD-123,2,284.29,0,2024-11-12 13:59:48,2024-11-12 13:59:48
OI-00254-1,ORD-00254,PROD-129,4,263.71,0,2024-02-24 10:31:14,2024-02-24 10:31:14
OI-00254-2,ORD-00254,PROD-113,2,454.72,5.39,2024-02-24 10:31:14,2024-02-24 10:31:14
OI-00254-3,ORD-00254,PROD-102,4,652.45,0,2024-02-24 10:31:14,2024-02-24 10:31:14
OI-00255-1,ORD-00255,PROD-121,2,261.06,12.14,2024-12-22 15:12:36,2024-12-22 15:12:36
OI-00255-2,ORD-00255,PROD-130,3,72.97,0,2024-12-22 15:12:36,2024-12-22 15:12:36
OI-00255-3,ORD-00255,PROD-118,3,399.59,0,2024-12-22 15:12:36,2024-12-22 15:12:36
OI-00256-1,ORD-00256,PROD-140,1,29.92,0,2024-11-22 16:24:46,2024-11-22 16:24:46
OI-00256-2,ORD-00256,PROD-116,4,74.59,30.58,2024-11-22 16:24:46,2024-11-22 16:24:46
OI-00256-3,ORD-00256,PROD-121,2,261.06,0,2024-11-22 16:24:46,2024-11-22 16:24:46
OI-00257-1,ORD-00257,PROD-103,2,594.17,5.57,2024-07-28 18:20:07,2024-07-28 18:20:07
OI-00258-1,ORD-00258,PROD-134,1,165.71,0,2024-09-05 11:06:02,2024-09-05 11:06:02
OI-00258-2,ORD-00258,PROD-140,1,29.92,4.13,2024-09-05 11:06:02,2024-09-05 11:06:02
OI-00258-3,ORD-00258,PROD-138,4,228.67,0,2024-09-05 11:06:02,2024-09-05 11:06:02
OI-00258-4,ORD-00258,PROD-117,1,521.02,0,2024-09-05 11:06:02,2024-09-05 11:06:02
OI-00259-1,ORD-00259,PROD-140,3,29.92,0,2024-02-01 13:35:47,2024-02-01 13:35:47
OI-00260-1,ORD-00260,PROD-107,2,52.73,0,2024-02-06 21:19:04,2024-02-06 21:19:04
OI-00261-1,ORD-00261,PROD-107,4,52.73,0,2024-04-08 16:42:15,2024-04-08 16:42:15
OI-00261-2,ORD-00261,PROD-137,2,276.02,0,2024-04-08 16:42:15,2024-04-08 16:42:15
OI-00261-3,ORD-00261,PROD-123,4,284.29,0,2024-04-08 16:42:15,2024-04-08 16:42:15
OI-00261-4,ORD-00261,PROD-130,2,72.97,0,2024-04-08 16:42:15,2024-04-08 16:42:15
OI-00262-1,ORD-00262,PROD-124,3,24.66,0,2024-08-14 22:22:57,2024-08-14 22:22:57
OI-00262-2,ORD-00262,PROD-127,2,631.92,0,2024-08-14 22:22:57,2024-08-14 22:22:57
OI-00262-3,ORD-00262,PROD-128,3,237.63,0,2024-08-14 22:22:57,2024-08-14 22:22:57
OI-00263-1,ORD-00263,PROD-134,2,165.71,0,2024-08-17 14:00:46,2024-08-17 14:00:46
OI-00264-1,ORD-00264,PROD-136,2,556.06,76.8,2024-01-04 12:14:13,2024-01-04 12:14:13
OI-00264-2,ORD-00264,PROD-133,2,754.46,83.08,2024-01-04 12:14:13,2024-01-04 12:14:13
OI-00264-3,ORD-00264,PROD-137,2,276.02,67.16,2024-01-04 12:14:13,2024-01-04 12:14:13
OI-00265-1,ORD-00265,PROD-131,1,207.47,0,2024-10-19 14:36:58,2024-10-19 14:36:58
OI-00265-2,ORD-00265,PROD-112,3,437.58,159.17,2024-10-19 14:36:58,2024-10-19 14:36:58
OI-00265-3,ORD-00265,PROD-132,4,381.18,12.79,2024-10-19 14:36:58,2024-10-19 14:36:58
OI-00266-1,ORD-00266,PROD-115,1,281.72,0,2024-06-20 13:56:52,2024-06-20 13:56:52
OI-00267-1,ORD-00267,PROD-121,2,261.06,52.76,2024-07-14 08:19:33,2024-07-14 08:19:33
OI-00267-2,ORD-00267,PROD-133,4,754.46,0,2024-07-14 08:19:33,2024-07-14 08:19:33
OI-00268-1,ORD-00268,PROD-126,3,457.47,117.64,2024-10-31 17:32:05,2024-10-31 17:32:05
OI-00268-2,ORD-00268,PROD-110,1,152.58,0,2024-10-31 17:32:05,2024-10-31 17:32:05
OI-00268-3,ORD-00268,PROD-109,3,774.44,174.88,2024-10-31 17:32:05,2024-10-31 17:32:05
OI-00269-1,ORD-00269,PROD-132,2,381.18,0,2024-12-23 10:48:08,2024-12-23 10:48:08
OI-00269-2,ORD-00269,PROD-126,2,457.47,36.54,2024-12-23 10:48:08,2024-12-23 10:48:08
OI-00270-1,ORD-00270,PROD-128,3,237.63,0,2024-06-14 18:59:36,2024-06-14 18:59:36
OI-00270-2,ORD-00270,PROD-124,1,24.66,0,2024-06-14 18:59:36,2024-06-14 18:59:36
OI-00270-3,ORD-00270,PROD-123,2,284.29,0,2024-06-14 18:59:36,2024-06-14 18:59:36
OI-00270-4,ORD-00270,PROD-113,4,454.72,0,2024-06-14 18:59:36,2024-06-14 18:59:36
OI-00271-1,ORD-00271,PROD-106,1,210.4,19.6,2024-01-23 22:52:14,2024-01-23 22:52:14
OI-00271-2,ORD-00271,PROD-108,2,415.88,0,2024-01-23 22:52:14,2024-01-23 22:52:14
OI-00272-1,ORD-00272,PROD-131,2,207.47,32.57,2024-05-27 08:21:44,2024-05-27 08:21:44
OI-00272-2,ORD-00272,PROD-102,3,652.45,0,2024-05-27 08:21:44,2024-05-27 08:21:44
OI-00272-3,ORD-00272,PROD-122,2,896.26,0,2024-05-27 08:21:44,2024-05-27 08:21:44
OI-00272-4,ORD-00272,PROD-114,1,516.29,0,2024-05-27 08:21:44,2024-05-27 08:21:44
OI-00273-1,ORD-00273,PROD-113,1,454.72,0,2024-12-05 16:02:16,2024-12-05 16:02:16
OI-00273-2,ORD-00273,PROD-140,1,29.92,2.96,2024-12-05 16:02:16,2024-12-05 16:02:16
OI-00273-3,ORD-00273,PROD-118,3,399.59,0,2024-12-05 16:02:16,2024-12-05 16:02:16
OI-00274-1,ORD-00274,PROD-133,1,754.46,56.66,2024-05-29 21:56:41,2024-05-29 21:56:41
OI-00274-2,ORD-00274,PROD-107,4,52.73,0,2024-05-29 21:56:41,2024-05-29 21:56:41
OI-00274-3,ORD-00274,PROD-121,1,261.06,36.12,2024-05-29 21:56:41,2024-05-29 21:56:41
OI-00274-4,ORD-00274,PROD-132,3,381.18,0,2024-05-29 21:56:41,2024-05-29 21:56:41
OI-00275-1,ORD-00275,PROD-116,1,74.59,0,2024-03-21 08:22:43,2024-03-21 08:22:43
OI-00275-2,ORD-00275,PROD-133,4,754.46,0,2024-03-21 08:22:43,2024-03-21 08:22:43
OI-00275-3,ORD-00275,PROD-118,1,399.59,0,2024-03-21 08:22:43,2024-03-21 08:22:43
OI-00276-1,ORD-00276,PROD-125,2,327.41,0,2024-04-25 10:21:57,2024-04-25 10:21:57
OI-00277-1,ORD-00277,PROD-135,2,490.52,0,2024-03-19 14:19:58,2024-03-19 14:19:58
OI-00277-2,ORD-00277,PROD-109,3,774.44,0,2024-03-19 14:19:58,2024-03-19 14:19:58
OI-00277-3,ORD-00277,PROD-114,2,516.29,0,2024-03-19 14:19:58,2024-03-19 14:19:58
OI-00277-4,ORD-00277,PROD-138,2,228.67,0,2024-03-19 14:19:58,2024-03-19 14:19:58
OI-00278-1,ORD-00278,PROD-121,1,261.06,0,2024-03-21 13:04:35,2024-03-21 13:04:35
OI-00278-2,ORD-00278,PROD-110,4,152.58,0,2024-03-21 13:04:35,2024-03-21 13:04:35
OI-00279-1,ORD-00279,PROD-113,2,454.72,104.01,2024-08-14 19:59:52,2024-08-14 19:59:52
OI-00279-2,ORD-00279,PROD-107,3,52.73,0,2024-08-14 19:59:52,2024-08-14 19:59:52
OI-00280-1,ORD-00280,PROD-106,4,210.4,0,2024-04-28 17:14:14,2024-04-28 17:14:14
OI-00280-2,ORD-00280,PROD-131,3,207.47,36.17,2024-04-28 17:14:14,2024-04-28 17:14:14
OI-00280-3,ORD-00280,PROD-109,4,774.44,89.8,2024-04-28 17:14:14,2024-04-28 17:14:14
OI-00281-1,ORD-00281,PROD-113,1,454.72,65.12,2024-07-28 20:00:59,2024-07-28 20:00:59
OI-00281-2,ORD-00281,PROD-114,4,516.29,0,2024-07-28 20:00:59,2024-07-28 20:00:59
OI-00282-1,ORD-00282,PROD-103,4,594.17,0,2024-12-18 13:55:29,2024-12-18 13:55:29
OI-00282-2,ORD-00282,PROD-139,1,478.09,0,2024-12-18 13:55:29,2024-12-18 13:55:29
OI-00282-3,ORD-00282,PROD-125,4,327.41,0,2024-12-18 13:55:29,2024-12-18 13:55:29
OI-00282-4,ORD-00282,PROD-121,1,261.06,0,2024-12-18 13:55:29,2024-12-18 13:55:29
OI-00283-1,ORD-00283,PROD-134,4,165.71,0,2024-09-22 16:25:47,2024-09-22 16:25:47
OI-00283-2,ORD-00283,PROD-104,3,537.47,0,2024-09-22 16:25:47,2024-09-22 16:25:47
OI-00283-3,ORD-00283,PROD-113,3,454.72,0,2024-09-22 16:25:47,2024-09-22 16:25:47
OI-00283-4,ORD-00283,PROD-119,4,378.05,208.46,2024-09-22 16:25:47,2024-09-22 16:25:47
OI-00284-1,ORD-00284,PROD-133,1,754.46,66.25,2024-09-21 22:09:29,2024-09-21 22:09:29
OI-00285-1,ORD-00285,PROD-102,2,652.45,0,2024-12-22 16:08:25,2024-12-22 16:08:25
OI-00285-2,ORD-00285,PROD-112,1,437.58,45.4,2024-12-22 16:08:25,2024-12-22 16:08:25
OI-00285-3,ORD-00285,PROD-130,2,72.97,0,2024-12-22 16:08:25,2024-12-22 16:08:25
OI-00285-4,ORD-00285,PROD-138,1,228.67,24.22,2024-12-22 16:08:25,2024-12-22 16:08:25
OI-00286-1,ORD-00286,PROD-125,4,327.41,33.57,2024-07-04 09:33:45,2024-07-04 09:33:45
OI-00286-2,ORD-00286,PROD-136,3,556.06,0,2024-07-04 09:33:45,2024-07-04 09:33:45
OI-00287-1,ORD-00287,PROD-120,1,455.08,0,2024-03-17 10:55:09,2024-03-17 10:55:09
OI-00287-2,ORD-00287,PROD-129,2,263.71,60.55,2024-03-17 10:55:09,2024-03-17 10:55:09
OI-00287-3,ORD-00287,PROD-119,1,378.05,0,2024-03-17 10:55:09,2024-03-17 10:55:09
OI-00287-4,ORD-00287,PROD-112,4,437.58,0,2024-03-17 10:55:09,2024-03-17 10:55:09
OI-00288-1,ORD-00288,PROD-130,1,72.97,5.99,2024-11-07 22:31:15,2024-11-07 22:31:15
OI-00288-2,ORD-00288,PROD-127,2,631.92,28.11,2024-11-07 22:31:15,2024-11-07 22:31:15
OI-00288-3,ORD-00288,PROD-129,3,263.71,101.32,2024-11-07 22:31:15,2024-11-07 22:31:15
OI-00288-4,ORD-00288,PROD-106,3,210.4,0,2024-11-07 22:31:15,2024-11-07 22:31:15
OI-00289-1,ORD-00289,PROD-130,3,72.97,0,2024-01-26 09:26:11,2024-01-26 09:26:11
OI-00289-2,ORD-00289,PROD-138,1,228.67,0,2024-01-26 09:26:11,2024-01-26 09:26:11
OI-00290-1,ORD-00290,PROD-119,4,378.05,157.56,2024-07-07 22:24:52,2024-07-07 22:24:52
OI-00291-1,ORD-00291,PROD-107,1,52.73,0,2024-06-17 16:26:33,2024-06-17 16:26:33
OI-00292-1,ORD-00292,PROD-117,3,521.02,0,2024-11-05 22:50:45,2024-11-05 22:50:45
OI-00292-2,ORD-00292,PROD-134,4,165.71,0,2024-11-05 22:50:45,2024-11-05 22:50:45
OI-00292-3,ORD-00292,PROD-137,4,276.02,0,2024-11-05 22:50:45,2024-11-05 22:50:45
OI-00293-1,ORD-00293,PROD-102,4,652.45,0,2024-11-08 11:45:18,2024-11-08 11:45:18
OI-00294-1,ORD-00294,PROD-123,1,284.29,0,2024-04-16 20:39:26,2024-04-16 20:39:26
OI-00294-2,ORD-00294,PROD-136,3,556.06,16.97,2024-04-16 20:39:26,2024-04-16 20:39:26
OI-00294-3,ORD-00294,PROD-114,3,516.29,0,2024-04-16 20:39:26,2024-04-16 20:39:26
OI-00295-1,ORD-00295,PROD-112,2,437.58,0,2024-01-04 09:43:21,2024-01-04 09:43:21
OI-00296-1,ORD-00296,PROD-110,4,152.58,0,2024-12-10 15:58:30,2024-12-10 15:58:30
OI-00296-2,ORD-00296,PROD-130,4,72.97,0,2024-12-10 15:58:30,2024-12-10 15:58:30
OI-00296-3,ORD-00296,PROD-135,1,490.52,0,2024-12-10 15:58:30,2024-12-10 15:58:30
OI-00296-4,ORD-00296,PROD-122,3,896.26,0,2024-12-10 15:58:30,2024-12-10 15:58:30
OI-00297-1,ORD-00297,PROD-123,3,284.29,0,2024-06-10 16:34:01,2024-06-10 16:34:01
OI-00297-2,ORD-00297,PROD-105,3,798.17,0,2024-06-10 16:34:01,2024-06-10 16:34:01
OI-00297-3,ORD-00297,PROD-110,2,152.58,0,2024-06-10 16:34:01,2024-06-10 16:34:01
OI-00298-1,ORD-00298,PROD-118,4,399.59,210.28,2024-04-05 17:07:55,2024-04-05 17:07:55
OI-00299-1,ORD-00299,PROD-108,1,415.88,0,2024-08-19 21:19:13,2024-08-19 21:19:13
OI-00299-2,ORD-00299,PROD-124,1,24.66,0,2024-08-19 21:19:13,2024-08-19 21:19:13
OI-00300-1,ORD-00300,PROD-134,1,165.71,0,2024-09-04 22:32:09,2024-09-04 22:32:09
OI-00300-2,ORD-00300,PROD-120,2,455.08,4.99,2024-09-04 22:32:09,2024-09-04 22:32:09
OI-00300-3,ORD-00300,PROD-121,4,261.06,0,2024-09-04 22:32:09,2024-09-04 22:32:09
OI-00300-4,ORD-00300,PROD-110,1,152.58,21.34,2024-09-04 22:32:09,2024-09-04 22:32:09
OI-00301-1,ORD-00301,PROD-134,3,165.71,56.56,2024-10-31 21:05:21,2024-10-31 21:05:21
OI-00302-1,ORD-00302,PROD-129,2,263.71,9.06,2024-04-17 13:12:12,2024-04-17 13:12:12
OI-00302-2,ORD-00302,PROD-108,1,415.88,21.85,2024-04-17 13:12:12,2024-04-17 13:12:12
OI-00302-3,ORD-00302,PROD-118,3,399.59,169.62,2024-04-17 13:12:12,2024-04-17 13:12:12
OI-00303-1,ORD-00303,PROD-135,2,490.52,132.92,2024-05-25 17:15:10,2024-05-25 17:15:10
OI-00303-2,ORD-00303,PROD-129,1,263.71,2.13,2024-05-25 17:15:10,2024-05-25 17:15:10
OI-00303-3,ORD-00303,PROD-104,4,537.47,0,2024-05-25 17:15:10,2024-05-25 17:15:10
OI-00304-1,ORD-00304,PROD-120,1,455.08,0,2024-11-01 22:37:40,2024-11-01 22:37:40
OI-00304-2,ORD-00304,PROD-122,4,896.26,0,2024-11-01 22:37:40,2024-11-01 22:37:40
OI-00304-3,ORD-00304,PROD-113,1,454.72,0,2024-11-01 22:37:40,2024-11-01 22:37:40
OI-00305-1,ORD-00305,PROD-115,3,281.72,0,2024-02-19 15:19:43,2024-02-19 15:19:43
OI-00305-2,ORD-00305,PROD-110,3,152.58,0,2024-02-19 15:19:43,2024-02-19 15:19:43
OI-00305-3,ORD-00305,PROD-140,3,29.92,0,2024-02-19 15:19:43,2024-02-19 15:19:43
OI-00305-4,ORD-00305,PROD-117,1,521.02,8.82,2024-02-19 15:19:43,2024-02-19 15:19:43
OI-00306-1,ORD-00306,PROD-133,4,754.46,0,2024-08-24 21:10:18,2024-08-24 21:10:18
OI-00306-2,ORD-00306,PROD-107,1,52.73,0,2024-08-24 21:10:18,2024-08-24 21:10:18
OI-00307-1,ORD-00307,PROD-116,4,74.59,0,2024-02-06 20:19:34,2024-02-06 20:19:34
OI-00307-2,ORD-00307,PROD-140,3,29.92,9.34,2024-02-06 20:19:34,2024-02-06 20:19:34
OI-00307-3,ORD-00307,PROD-136,4,556.06,0,2024-02-06 20:19:34,2024-02-06 20:19:34
OI-00307-4,ORD-00307,PROD-111,4,831.12,0,2024-02-06 20:19:34,2024-02-06 20:19:34
OI-00308-1,ORD-00308,PROD-108,3,415.88,0,2024-10-05 19:15:11,2024-10-05 19:15:11
OI-00308-2,ORD-00308,PROD-138,4,228.67,131.15,2024-10-05 19:15:11,2024-10-05 19:15:11
OI-00308-3,ORD-00308,PROD-139,1,478.09,0,2024-10-05 19:15:11,2024-10-05 19:15:11
OI-00308-4,ORD-00308,PROD-130,4,72.97,0,2024-10-05 19:15:11,2024-10-05 19:15:11
OI-00309-1,ORD-00309,PROD-110,2,152.58,0,2024-12-04 08:05:13,2024-12-04 08:05:13
OI-00310-1,ORD-00310,PROD-120,3,455.08,0,2024-07-18 17:36:28,2024-07-18 17:36:28
OI-00310-2,ORD-00310,PROD-137,1,276.02,0,2024-07-18 17:36:28,2024-07-18 17:36:28
OI-00310-3,ORD-00310,PROD-128,4,237.63,0,2024-07-18 17:36:28,2024-07-18 17:36:28
OI-00311-1,ORD-00311,PROD-136,3,556.06,70.62,2024-05-30 08:23:57,2024-05-30 08:23:57
OI-00312-1,ORD-00312,PROD-126,2,457.47,0,2024-04-30 14:44:37,2024-04-30 14:44:37
OI-00312-2,ORD-00312,PROD-125,4,327.41,109.11,2024-04-30 14:44:37,2024-04-30 14:44:37
OI-00312-3,ORD-00312,PROD-128,3,237.63,0,2024-04-30 14:44:37,2024-04-30 14:44:37
OI-00312-4,ORD-00312,PROD-135,2,490.52,128.43,2024-04-30 14:44:37,2024-04-30 14:44:37
OI-00313-1,ORD-00313,PROD-128,4,237.63,0,2024-03-09 08:04:41,2024-03-09 08:04:41
OI-00313-2,ORD-00313,PROD-109,4,774.44,0,2024-03-09 08:04:41,2024-03-09 08:04:41
OI-00313-3,ORD-00313,PROD-106,4,210.4,0,2024-03-09 08:04:41,2024-03-09 08:04:41
OI-00313-4,ORD-00313,PROD-127,4,631.92,0,2024-03-09 08:04:41,2024-03-09 08:04:41
OI-00314-1,ORD-00314,PROD-133,4,754.46,0,2024-04-05 14:38:00,2024-04-05 14:38:00
OI-00314-2,ORD-00314,PROD-118,3,399.59,6.81,2024-04-05 14:38:00,2024-04-05 14:38:00
OI-00315-1,ORD-00315,PROD-134,4,165.71,0,2024-12-26 13:07:37,2024-12-26 13:07:37
OI-00315-2,ORD-00315,PROD-118,1,399.59,37.8,2024-12-26 13:07:37,2024-12-26 13:07:37
OI-00316-1,ORD-00316,PROD-140,1,29.92,0,2024-12-08 09:43:40,2024-12-08 09:43:40
OI-00316-2,ORD-00316,PROD-104,4,537.47,0,2024-12-08 09:43:40,2024-12-08 09:43:40
OI-00316-3,ORD-00316,PROD-122,3,896.26,0,2024-12-08 09:43:40,2024-12-08 09:43:40
OI-00317-1,ORD-00317,PROD-137,4,276.02,0,2024-05-30 12:10:02,2024-05-30 12:10:02
OI-00317-2,ORD-00317,PROD-117,1,521.02,0,2024-05-30 12:10:02,2024-05-30 12:10:02
OI-00317-3,ORD-00317,PROD-104,3,537.47,0,2024-05-30 12:10:02,2024-05-30 12:10:02
OI-00318-1,ORD-00318,PROD-109,3,774.44,0,2024-09-05 09:08:32,2024-09-05 09:08:32
OI-00318-2,ORD-00318,PROD-140,1,29.92,0,2024-09-05 09:08:32,2024-09-05 09:08:32
OI-00318-3,ORD-00318,PROD-118,2,399.59,0,2024-09-05 09:08:32,2024-09-05 09:08:32
OI-00319-1,ORD-00319,PROD-132,1,381.18,0,2024-03-18 18:28:23,2024-03-18 18:28:23
OI-00319-2,ORD-00319,PROD-112,1,437.58,0,2024-03-18 18:28:23,2024-03-18 18:28:23
OI-00320-1,ORD-00320,PROD-129,2,263.71,0,2024-03-19 21:31:48,2024-03-19 21:31:48
OI-00320-2,ORD-00320,PROD-111,3,831.12,98.88,2024-03-19 21:31:48,2024-03-19 21:31:48
OI-00321-1,ORD-00321,PROD-131,4,207.47,0,2024-02-29 08:10:29,2024-02-29 08:10:29
OI-00321-2,ORD-00321,PROD-135,4,490.52,0,2024-02-29 08:10:29,2024-02-29 08:10:29
OI-00321-3,ORD-00321,PROD-115,2,281.72,0,2024-02-29 08:10:29,2024-02-29 08:10:29
OI-00322-1,ORD-00322,PROD-134,3,165.71,0,2024-01-07 12:59:51,2024-01-07 12:59:51
OI-00322-2,ORD-00322,PROD-103,4,594.17,0,2024-01-07 12:59:51,2024-01-07 12:59:51
OI-00322-3,ORD-00322,PROD-107,3,52.73,0,2024-01-07 12:59:51,2024-01-07 12:59:51
OI-00323-1,ORD-00323,PROD-138,3,228.67,0,2024-02-20 12:41:37,2024-02-20 12:41:37
OI-00323-2,ORD-00323,PROD-113,2,454.72,0,2024-02-20 12:41:37,2024-02-20 12:41:37
OI-00324-1,ORD-00324,PROD-134,1,165.71,0,2024-12-10 08:53:04,2024-12-10 08:53:04
OI-00325-1,ORD-00325,PROD-140,1,29.92,2.67,2024-04-22 19:18:16,2024-04-22 19:18:16
OI-00326-1,ORD-00326,PROD-139,2,478.09,0,2024-04-21 17:40:07,2024-04-21 17:40:07
OI-00327-1,ORD-00327,PROD-119,4,378.05,0,2024-10-16 20:11:57,2024-10-16 20:11:57
OI-00327-2,ORD-00327,PROD-130,3,72.97,0,2024-10-16 20:11:57,2024-10-16 20:11:57
OI-00327-3,ORD-00327,PROD-105,3,798.17,280.42,2024-10-16 20:11:57,2024-10-16 20:11:57
OI-00328-1,ORD-00328,PROD-112,4,437.58,0,2024-02-01 14:24:21,2024-02-01 14:24:21
OI-00328-2,ORD-00328,PROD-129,2,263.71,0,2024-02-01 14:24:21,2024-02-01 14:24:21
OI-00328-3,ORD-00328,PROD-105,2,798.17,0,2024-02-01 14:24:21,2024-02-01 14:24:21
OI-00329-1,ORD-00329,PROD-129,3,263.71,8.65,2024-03-14 16:49:27,2024-03-14 16:49:27
OI-00330-1,ORD-00330,PROD-103,4,594.17,249.57,2024-05-08 20:28:01,2024-05-08 20:28:01
OI-00331-1,ORD-00331,PROD-128,2,237.63,68.02,2024-07-19 17:00:32,2024-07-19 17:00:32
OI-00331-2,ORD-00331,PROD-126,4,457.47,146.93,2024-07-19 17:00:32,2024-07-19 17:00:32
OI-00331-3,ORD-00331,PROD-105,3,798.17,0,2024-07-19 17:00:32,2024-07-19 17:00:32
OI-00331-4,ORD-00331,PROD-135,3,490.52,0,2024-07-19 17:00:32,2024-07-19 17:00:32
OI-00332-1,ORD-00332,PROD-119,1,378.05,0,2024-02-16 13:34:54,2024-02-16 13:34:54
OI-00332-2,ORD-00332,PROD-113,2,454.72,53.22,2024-02-16 13:34:54,2024-02-16 13:34:54
OI-00332-3,ORD-00332,PROD-112,1,437.58,0,2024-02-16 13:34:54,2024-02-16 13:34:54
OI-00332-4,ORD-00332,PROD-136,3,556.06,0,2024-02-16 13:34:54,2024-02-16 13:34:54
OI-00333-1,ORD-00333,PROD-102,2,652.45,0,2024-11-19 15:47:12,2024-11-19 15:47:12
OI-00333-2,ORD-00333,PROD-138,1,228.67,0,2024-11-19 15:47:12,2024-11-19 15:47:12
OI-00334-1,ORD-00334,PROD-122,1,896.26,0,2024-06-06 15:34:53,2024-06-06 15:34:53
OI-00335-1,ORD-00335,PROD-135,1,490.52,10.42,2024-01-22 14:07:13,2024-01-22 14:07:13
OI-00335-2,ORD-00335,PROD-110,1,152.58,0,2024-01-22 14:07:13,2024-01-22 14:07:13
OI-00335-3,ORD-00335,PROD-138,1,228.67,22.25,2024-01-22 14:07:13,2024-01-22 14:07:13
OI-00335-4,ORD-00335,PROD-115,1,281.72,2.11,2024-01-22 14:07:13,2024-01-22 14:07:13
OI-00336-1,ORD-00336,PROD-108,4,415.88,0,2024-02-19 15:39:10,2024-02-19 15:39:10
OI-00337-1,ORD-00337,PROD-121,2,261.06,0,2024-04-22 09:51:12,2024-04-22 09:51:12
OI-00337-2,ORD-00337,PROD-108,2,415.88,0,2024-04-22 09:51:12,2024-04-22 09:51:12
OI-00337-3,ORD-00337,PROD-137,2,276.02,0,2024-04-22 09:51:12,2024-04-22 09:51:12
OI-00337-4,ORD-00337,PROD-135,1,490.52,55.74,2024-04-22 09:51:12,2024-04-22 09:51:12
OI-00338-1,ORD-00338,PROD-109,1,774.44,0,2024-12-22 13:35:10,2024-12-22 13:35:10
OI-00339-1,ORD-00339,PROD-101,1,655.83,8.77,2024-11-09 14:49:10,2024-11-09 14:49:10
OI-00340-1,ORD-00340,PROD-114,3,516.29,0,2024-10-30 22:18:26,2024-10-30 22:18:26
OI-00340-2,ORD-00340,PROD-110,4,152.58,15.98,2024-10-30 22:18:26,2024-10-30 22:18:26
OI-00341-1,ORD-00341,PROD-127,2,631.92,187.04,2024-04-02 19:31:39,2024-04-02 19:31:39
OI-00341-2,ORD-00341,PROD-101,1,655.83,0,2024-04-02 19:31:39,2024-04-02 19:31:39
OI-00341-3,ORD-00341,PROD-136,2,556.06,0,2024-04-02 19:31:39,2024-04-02 19:31:39
OI-00342-1,ORD-00342,PROD-131,2,207.47,57.43,2024-12-03 11:17:03,2024-12-03 11:17:03
OI-00342-2,ORD-00342,PROD-132,1,381.18,0,2024-12-03 11:17:03,2024-12-03 11:17:03
OI-00343-1,ORD-00343,PROD-107,1,52.73,0,2024-04-17 14:16:21,2024-04-17 14:16:21
OI-00344-1,ORD-00344,PROD-116,4,74.59,0,2024-03-21 20:01:31,2024-03-21 20:01:31
OI-00345-1,ORD-00345,PROD-121,2,261.06,57.78,2024-08-02 11:47:43,2024-08-02 11:47:43
OI-00346-1,ORD-00346,PROD-104,4,537.47,120.44,2024-04-12 14:57:14,2024-04-12 14:57:14
OI-00346-2,ORD-00346,PROD-128,4,237.63,0,2024-04-12 14:57:14,2024-04-12 14:57:14
OI-00346-3,ORD-00346,PROD-110,3,152.58,0,2024-04-12 14:57:14,2024-04-12 14:57:14
OI-00346-4,ORD-00346,PROD-114,2,516.29,0,2024-04-12 14:57:14,2024-04-12 14:57:14
OI-00347-1,ORD-00347,PROD-130,2,72.97,0,2024-12-20 17:03:17,2024-12-20 17:03:17
OI-00347-2,ORD-00347,PROD-127,2,631.92,0,2024-12-20 17:03:17,2024-12-20 17:03:17
OI-00347-3,ORD-00347,PROD-111,2,831.12,0,2024-12-20 17:03:17,2024-12-20 17:03:17
OI-00347-4,ORD-00347,PROD-122,2,896.26,230.42,2024-12-20 17:03:17,2024-12-20 17:03:17
OI-00348-1,ORD-00348,PROD-128,2,237.63,30.96,2024-04-20 17:30:53,2024-04-20 17:30:53
OI-00349-1,ORD-00349,PROD-103,4,594.17,0,2024-10-29 10:58:36,2024-10-29 10:58:36
OI-00350-1,ORD-00350,PROD-132,1,381.18,0,2024-01-18 14:33:25,2024-01-18 14:33:25
OI-00350-2,ORD-00350,PROD-116,4,74.59,0,2024-01-18 14:33:25,2024-01-18 14:33:25
OI-00350-3,ORD-00350,PROD-106,2,210.4,0,2024-01-18 14:33:25,2024-01-18 14:33:25
OI-00350-4,ORD-00350,PROD-136,2,556.06,0,2024-01-18 14:33:25,2024-01-18 14:33:25
OI-00351-1,ORD-00351,PROD-130,4,72.97,0,2024-01-09 15:42:19,2024-01-09 15:42:19
OI-00352-1,ORD-00352,PROD-105,4,798.17,0,2024-12-26 14:11:50,2024-12-26 14:11:50
OI-00353-1,ORD-00353,PROD-106,3,210.4,0,2024-09-28 08:18:27,2024-09-28 08:18:27
OI-00353-2,ORD-00353,PROD-140,1,29.92,0,2024-09-28 08:18:27,2024-09-28 08:18:27
OI-00354-1,ORD-00354,PROD-130,3,72.97,0,2024-12-11 13:56:03,2024-12-11 13:56:03
OI-00354-2,ORD-00354,PROD-140,1,29.92,0,2024-12-11 13:56:03,2024-12-11 13:56:03
OI-00354-3,ORD-00354,PROD-103,2,594.17,59.7,2024-12-11 13:56:03,2024-12-11 13:56:03
OI-00355-1,ORD-00355,PROD-121,3,261.06,0,2024-02-28 18:30:47,2024-02-28 18:30:47
OI-00355-2,ORD-00355,PROD-123,4,284.29,10.81,2024-02-28 18:30:47,2024-02-28 18:30:47
OI-00356-1,ORD-00356,PROD-129,1,263.71,34.97,2024-08-19 15:32:33,2024-08-19 15:32:33
OI-00356-2,ORD-00356,PROD-140,1,29.92,4.03,2024-08-19 15:32:33,2024-08-19 15:32:33
OI-00356-3,ORD-00356,PROD-124,3,24.66,0,2024-08-19 15:32:33,2024-08-19 15:32:33
OI-00357-1,ORD-00357,PROD-110,3,152.58,0,2024-02-25 10:17:07,2024-02-25 10:17:07
OI-00357-2,ORD-00357,PROD-114,2,516.29,0,2024-02-25 10:17:07,2024-02-25 10:17:07
OI-00357-3,ORD-00357,PROD-134,4,165.71,0,2024-02-25 10:17:07,2024-02-25 10:17:07
OI-00357-4,ORD-00357,PROD-102,1,652.45,6.16,2024-02-25 10:17:07,2024-02-25 10:17:07
OI-00358-1,ORD-00358,PROD-132,4,381.18,0,2024-09-23 18:21:26,2024-09-23 18:21:26
OI-00358-2,ORD-00358,PROD-138,2,228.67,0,2024-09-23 18:21:26,2024-09-23 18:21:26
OI-00358-3,ORD-00358,PROD-134,3,165.71,19.39,2024-09-23 18:21:26,2024-09-23 18:21:26
OI-00359-1,ORD-00359,PROD-119,2,378.05,0,2024-07-09 12:49:54,2024-07-09 12:49:54
OI-00359-2,ORD-00359,PROD-130,3,72.97,5.76,2024-07-09 12:49:54,2024-07-09 12:49:54
OI-00359-3,ORD-00359,PROD-111,2,831.12,29.15,2024-07-09 12:49:54,2024-07-09 12:49:54
OI-00360-1,ORD-00360,PROD-136,3,556.06,0,2024-10-21 10:28:16,2024-10-21 10:28:16
OI-00360-2,ORD-00360,PROD-103,2,594.17,0,2024-10-21 10:28:16,2024-10-21 10:28:16
OI-00361-1,ORD-00361,PROD-110,3,152.58,0,2024-03-24 16:19:07,2024-03-24 16:19:07
OI-00361-2,ORD-00361,PROD-130,3,72.97,0,2024-03-24 16:19:07,2024-03-24 16:19:07
OI-00361-3,ORD-00361,PROD-121,3,261.06,0,2024-03-24 16:19:07,2024-03-24 16:19:07
OI-00361-4,ORD-00361,PROD-101,2,655.83,0,2024-03-24 16:19:07,2024-03-24 16:19:07
OI-00362-1,ORD-00362,PROD-109,1,774.44,0,2024-08-14 13:44:07,2024-08-14 13:44:07
OI-00363-1,ORD-00363,PROD-138,2,228.67,0,2024-04-22 15:22:05,2024-04-22 15:22:05
OI-00363-2,ORD-00363,PROD-134,3,165.71,6.23,2024-04-22 15:22:05,2024-04-22 15:22:05
OI-00364-1,ORD-00364,PROD-132,1,381.18,0,2024-08-16 18:42:05,2024-08-16 18:42:05
OI-00364-2,ORD-00364,PROD-121,3,261.06,0,2024-08-16 18:42:05,2024-08-16 18:42:05
OI-00365-1,ORD-00365,PROD-123,1,284.29,37.86,2024-08-06 13:24:23,2024-08-06 13:24:23
OI-00365-2,ORD-00365,PROD-120,4,455.08,0,2024-08-06 13:24:23,2024-08-06 13:24:23
OI-00365-3,ORD-00365,PROD-129,3,263.71,86.39,2024-08-06 13:24:23,2024-08-06 13:24:23
OI-00366-1,ORD-00366,PROD-110,2,152.58,0,2024-08-05 19:57:26,2024-08-05 19:57:26
OI-00367-1,ORD-00367,PROD-101,4,655.83,0,2024-09-25 13:04:59,2024-09-25 13:04:59
OI-00368-1,ORD-00368,PROD-113,4,454.72,133.85,2024-07-31 10:35:29,2024-07-31 10:35:29
OI-00368-2,ORD-00368,PROD-112,3,437.58,0,2024-07-31 10:35:29,2024-07-31 10:35:29
OI-00369-1,ORD-00369,PROD-120,3,455.08,0,2024-08-25 11:01:50,2024-08-25 11:01:50
OI-00369-2,ORD-00369,PROD-131,4,207.47,0,2024-08-25 11:01:50,2024-08-25 11:01:50
OI-00369-3,ORD-00369,PROD-108,2,415.88,95.41,2024-08-25 11:01:50,2024-08-25 11:01:50
OI-00370-1,ORD-00370,PROD-117,1,521.02,0,2024-02-04 17:47:23,2024-02-04 17:47:23
OI-00370-2,ORD-00370,PROD-131,2,207.47,0,2024-02-04 17:47:23,2024-02-04 17:47:23
OI-00370-3,ORD-00370,PROD-108,2,415.88,0,2024-02-04 17:47:23,2024-02-04 17:47:23
OI-00370-4,ORD-00370,PROD-124,2,24.66,0,2024-02-04 17:47:23,2024-02-04 17:47:23
OI-00371-1,ORD-00371,PROD-119,2,378.05,0,2024-05-19 13:26:40,2024-05-19 13:26:40
OI-00371-2,ORD-00371,PROD-134,2,165.71,0,2024-05-19 13:26:40,2024-05-19 13:26:40
OI-00371-3,ORD-00371,PROD-105,2,798.17,0,2024-05-19 13:26:40,2024-05-19 13:26:40
OI-00372-1,ORD-00372,PROD-107,3,52.73,0,2024-06-10 21:54:43,2024-06-10 21:54:43
OI-00372-2,ORD-00372,PROD-135,1,490.52,20.71,2024-06-10 21:54:43,2024-06-10 21:54:43
OI-00372-3,ORD-00372,PROD-138,4,228.67,0,2024-06-10 21:54:43,2024-06-10 21:54:43
OI-00373-1,ORD-00373,PROD-136,1,556.06,0,2024-03-24 09:13:09,2024-03-24 09:13:09
OI-00373-2,ORD-00373,PROD-140,1,29.92,0.59,2024-03-24 09:13:09,2024-03-24 09:13:09
OI-00374-1,ORD-00374,PROD-139,3,478.09,175.25,2024-09-02 13:19:44,2024-09-02 13:19:44
OI-00374-2,ORD-00374,PROD-134,2,165.71,34.51,2024-09-02 13:19:44,2024-09-02 13:19:44
OI-00374-3,ORD-00374,PROD-122,2,896.26,0,2024-09-02 13:19:44,2024-09-02 13:19:44
OI-00374-4,ORD-00374,PROD-112,2,437.58,10.32,2024-09-02 13:19:44,2024-09-02 13:19:44
OI-00375-1,ORD-00375,PROD-113,1,454.72,45.0,2024-02-27 09:01:49,2024-02-27 09:01:49
OI-00376-1,ORD-00376,PROD-120,1,455.08,0,2024-01-31 15:07:58,2024-01-31 15:07:58
OI-00377-1,ORD-00377,PROD-123,1,284.29,31.82,2024-03-04 22:38:13,2024-03-04 22:38:13
OI-00377-2,ORD-00377,PROD-102,3,652.45,0,2024-03-04 22:38:13,2024-03-04 22:38:13
OI-00378-1,ORD-00378,PROD-133,1,754.46,65.43,2024-06-29 10:54:32,2024-06-29 10:54:32
OI-00378-2,ORD-00378,PROD-137,1,276.02,0,2024-06-29 10:54:32,2024-06-29 10:54:32
OI-00379-1,ORD-00379,PROD-133,3,754.46,0,2024-03-28 22:48:34,2024-03-28 22:48:34
OI-00379-2,ORD-00379,PROD-131,2,207.47,0,2024-03-28 22:48:34,2024-03-28 22:48:34
OI-00380-1,ORD-00380,PROD-127,3,631.92,31.37,2024-04-02 21:22:24,2024-04-02 21:22:24
OI-00380-2,ORD-00380,PROD-108,2,415.88,0,2024-04-02 21:22:24,2024-04-02 21:22:24
OI-00381-1,ORD-00381,PROD-132,3,381.18,0,2024-12-26 12:35:46,2024-12-26 12:35:46
OI-00381-2,ORD-00381,PROD-108,3,415.88,0,2024-12-26 12:35:46,2024-12-26 12:35:46
OI-00381-3,ORD-00381,PROD-125,4,327.41,80.01,2024-12-26 12:35:46,2024-12-26 12:35:46
OI-00382-1,ORD-00382,PROD-101,1,655.83,0,2024-08-07 11:54:04,2024-08-07 11:54:04
OI-00382-2,ORD-00382,PROD-132,1,381.18,22.57,2024-08-07 11:54:04,2024-08-07 11:54:04
OI-00383-1,ORD-00383,PROD-113,4,454.72,228.66,2024-10-29 09:47:59,2024-10-29 09:47:59
OI-00383-2,ORD-00383,PROD-122,4,896.26,383.69,2024-10-29 09:47:59,2024-10-29 09:47:59
OI-00383-3,ORD-00383,PROD-139,3,478.09,0,2024-10-29 09:47:59,2024-10-29 09:47:59
OI-00384-1,ORD-00384,PROD-132,4,381.18,57.33,2024-11-25 14:22:30,2024-11-25 14:22:30
OI-00384-2,ORD-00384,PROD-133,4,754.46,426.6,2024-11-25 14:22:30,2024-11-25 14:22:30
OI-00384-3,ORD-00384,PROD-118,1,399.59,3.17,2024-11-25 14:22:30,2024-11-25 14:22:30
OI-00384-4,ORD-00384,PROD-110,1,152.58,0,2024-11-25 14:22:30,2024-11-25 14:22:30
OI-00385-1,ORD-00385,PROD-140,4,29.92,0,2024-04-01 14:38:43,2024-04-01 14:38:43
OI-00385-2,ORD-00385,PROD-107,2,52.73,7.88,2024-04-01 14:38:43,2024-04-01 14:38:43
OI-00385-3,ORD-00385,PROD-105,3,798.17,0,2024-04-01 14:38:43,2024-04-01 14:38:43
OI-00386-1,ORD-00386,PROD-125,4,327.41,0,2024-10-03 16:01:48,2024-10-03 16:01:48
OI-00387-1,ORD-00387,PROD-111,2,831.12,0,2024-08-14 15:02:02,2024-08-14 15:02:02
OI-00387-2,ORD-00387,PROD-132,4,381.18,0,2024-08-14 15:02:02,2024-08-14 15:02:02
OI-00387-3,ORD-00387,PROD-128,1,237.63,0,2024-08-14 15:02:02,2024-08-14 15:02:02
OI-00388-1,ORD-00388,PROD-136,4,556.06,197.19,2024-12-03 16:43:34,2024-12-03 16:43:34
OI-00388-2,ORD-00388,PROD-111,4,831.12,0,2024-12-03 16:43:34,2024-12-03 16:43:34
OI-00388-3,ORD-00388,PROD-133,3,754.46,0,2024-12-03 16:43:34,2024-12-03 16:43:34
OI-00388-4,ORD-00388,PROD-104,3,537.47,0,2024-12-03 16:43:34,2024-12-03 16:43:34
OI-00389-1,ORD-00389,PROD-122,4,896.26,185.6,2024-10-29 08:08:53,2024-10-29 08:08:53
OI-00390-1,ORD-00390,PROD-120,1,455.08,0,2024-07-29 13:03:42,2024-07-29 13:03:42
OI-00390-2,ORD-00390,PROD-138,1,228.67,0,2024-07-29 13:03:42,2024-07-29 13:03:42
OI-00391-1,ORD-00391,PROD-128,3,237.63,50.23,2024-06-21 10:01:34,2024-06-21 10:01:34
OI-00391-2,ORD-00391,PROD-137,1,276.02,0,2024-06-21 10:01:34,2024-06-21 10:01:34
OI-00391-3,ORD-00391,PROD-133,4,754.46,0,2024-06-21 10:01:34,2024-06-21 10:01:34
OI-00391-4,ORD-00391,PROD-127,3,631.92,0,2024-06-21 10:01:34,2024-06-21 10:01:34
OI-00392-1,ORD-00392,PROD-133,3,754.46,0,2024-09-07 09:44:43,2024-09-07 09:44:43
OI-00392-2,ORD-00392,PROD-122,4,896.26,341.71,2024-09-07 09:44:43,2024-09-07 09:44:43
OI-00392-3,ORD-00392,PROD-111,1,831.12,0,2024-09-07 09:44:43,2024-09-07 09:44:43
OI-00392-4,ORD-00392,PROD-140,2,29.92,0.43,2024-09-07 09:44:43,2024-09-07 09:44:43
OI-00393-1,ORD-00393,PROD-138,3,228.67,58.29,2024-07-24 20:14:39,2024-07-24 20:14:39
OI-00394-1,ORD-00394,PROD-128,2,237.63,0,2024-04-17 13:50:04,2024-04-17 13:50:04
OI-00394-2,ORD-00394,PROD-135,3,490.52,0,2024-04-17 13:50:04,2024-04-17 13:50:04
OI-00394-3,ORD-00394,PROD-121,4,261.06,0,2024-04-17 13:50:04,2024-04-17 13:50:04
OI-00395-1,ORD-00395,PROD-137,2,276.02,0,2024-04-02 22:01:40,2024-04-02 22:01:40
OI-00395-2,ORD-00395,PROD-132,4,381.18,145.9,2024-04-02 22:01:40,2024-04-02 22:01:40
OI-00396-1,ORD-00396,PROD-124,2,24.66,5.52,2024-08-10 22:36:46,2024-08-10 22:36:46
OI-00396-2,ORD-00396,PROD-130,3,72.97,0,2024-08-10 22:36:46,2024-08-10 22:36:46
OI-00397-1,ORD-00397,PROD-118,2,399.59,0,2024-06-12 21:53:58,2024-06-12 21:53:58
OI-00397-2,ORD-00397,PROD-119,1,378.05,1.57,2024-06-12 21:53:58,2024-06-12 21:53:58
OI-00397-3,ORD-00397,PROD-111,3,831.12,0,2024-06-12 21:53:58,2024-06-12 21:53:58
OI-00397-4,ORD-00397,PROD-117,4,521.02,0,2024-06-12 21:53:58,2024-06-12 21:53:58
OI-00398-1,ORD-00398,PROD-118,1,399.59,0,2024-01-19 11:10:17,2024-01-19 11:10:17
OI-00398-2,ORD-00398,PROD-136,4,556.06,0,2024-01-19 11:10:17,2024-01-19 11:10:17
OI-00398-3,ORD-00398,PROD-112,1,437.58,0,2024-01-19 11:10:17,2024-01-19 11:10:17
OI-00399-1,ORD-00399,PROD-106,2,210.4,46.36,2024-06-09 17:19:55,2024-06-09 17:19:55
OI-00399-2,ORD-00399,PROD-126,1,457.47,0,2024-06-09 17:19:55,2024-06-09 17:19:55
OI-00399-3,ORD-00399,PROD-109,3,774.44,0,2024-06-09 17:19:55,2024-06-09 17:19:55
OI-00400-1,ORD-00400,PROD-116,1,74.59,10.85,2024-05-01 17:07:49,2024-05-01 17:07:49
OI-00400-2,ORD-00400,PROD-128,4,237.63,0,2024-05-01 17:07:49,2024-05-01 17:07:49
OI-00400-3,ORD-00400,PROD-114,1,516.29,0,2024-05-01 17:07:49,2024-05-01 17:07:49
OI-00400-4,ORD-00400,PROD-110,3,152.58,0,2024-05-01 17:07:49,2024-05-01 17:07:49
OI-00401-1,ORD-00401,PROD-110,3,152.58,0,2024-06-11 16:27:30,2024-06-11 16:27:30
OI-00401-2,ORD-00401,PROD-124,1,24.66,0,2024-06-11 16:27:30,2024-06-11 16:27:30
OI-00401-3,ORD-00401,PROD-131,1,207.47,0,2024-06-11 16:27:30,2024-06-11 16:27:30
OI-00402-1,ORD-00402,PROD-136,3,556.06,0,2024-01-28 19:58:50,2024-01-28 19:58:50
OI-00402-2,ORD-00402,PROD-125,1,327.41,0,2024-01-28 19:58:50,2024-01-28 19:58:50
OI-00402-3,ORD-00402,PROD-120,2,455.08,0,2024-01-28 19:58:50,2024-01-28 19:58:50
OI-00403-1,ORD-00403,PROD-116,3,74.59,29.88,2024-01-05 22:25:59,2024-01-05 22:25:59
OI-00404-1,ORD-00404,PROD-118,1,399.59,0,2024-08-12 18:20:56,2024-08-12 18:20:56
OI-00405-1,ORD-00405,PROD-111,3,831.12,0,2024-08-29 19:26:59,2024-08-29 19:26:59
OI-00406-1,ORD-00406,PROD-102,2,652.45,39.16,2024-08-03 17:46:52,2024-08-03 17:46:52
OI-00406-2,ORD-00406,PROD-104,3,537.47,0,2024-08-03 17:46:52,2024-08-03 17:46:52
OI-00406-3,ORD-00406,PROD-112,1,437.58,16.38,2024-08-03 17:46:52,2024-08-03 17:46:52
OI-00406-4,ORD-00406,PROD-129,2,263.71,0,2024-08-03 17:46:52,2024-08-03 17:46:52
OI-00407-1,ORD-00407,PROD-112,3,437.58,81.62,2024-07-29 20:20:28,2024-07-29 20:20:28
OI-00407-2,ORD-00407,PROD-138,2,228.67,0,2024-07-29 20:20:28,2024-07-29 20:20:28
OI-00407-3,ORD-00407,PROD-121,4,261.06,0,2024-07-29 20:20:28,2024-07-29 20:20:28
OI-00408-1,ORD-00408,PROD-106,2,210.4,53.77,2024-10-19 11:01:01,2024-10-19 11:01:01
OI-00408-2,ORD-00408,PROD-130,1,72.97,0,2024-10-19 11:01:01,2024-10-19 11:01:01
OI-00409-1,ORD-00409,PROD-101,4,655.83,0,2024-11-03 12:09:05,2024-11-03 12:09:05
OI-00410-1,ORD-00410,PROD-113,3,454.72,0,2024-08-20 21:43:31,2024-08-20 21:43:31
OI-00410-2,ORD-00410,PROD-118,4,399.59,205.31,2024-08-20 21:43:31,2024-08-20 21:43:31
OI-00411-1,ORD-00411,PROD-112,3,437.58,0,2024-04-20 21:18:46,2024-04-20 21:18:46
OI-00411-2,ORD-00411,PROD-127,2,631.92,0,2024-04-20 21:18:46,2024-04-20 21:18:46
OI-00411-3,ORD-00411,PROD-110,2,152.58,0,2024-04-20 21:18:46,2024-04-20 21:18:46
OI-00411-4,ORD-00411,PROD-102,4,652.45,183.55,2024-04-20 21:18:46,2024-04-20 21:18:46
OI-00412-1,ORD-00412,PROD-139,1,478.09,66.77,2024-06-14 19:25:43,2024-06-14 19:25:43
OI-00412-2,ORD-00412,PROD-117,4,521.02,0,2024-06-14 19:25:43,2024-06-14 19:25:43
OI-00412-3,ORD-00412,PROD-105,1,798.17,60.41,2024-06-14 19:25:43,2024-06-14 19:25:43
OI-00412-4,ORD-00412,PROD-107,4,52.73,0,2024-06-14 19:25:43,2024-06-14 19:25:43
OI-00413-1,ORD-00413,PROD-117,4,521.02,0,2024-12-09 13:08:57,2024-12-09 13:08:57
OI-00413-2,ORD-00413,PROD-111,4,831.12,158.24,2024-12-09 13:08:57,2024-12-09 13:08:57
OI-00414-1,ORD-00414,PROD-132,3,381.18,0,2024-08-09 10:16:07,2024-08-09 10:16:07
OI-00414-2,ORD-00414,PROD-118,3,399.59,0,2024-08-09 10:16:07,2024-08-09 10:16:07
OI-00415-1,ORD-00415,PROD-128,4,237.63,0,2024-11-09 21:48:59,2024-11-09 21:48:59
OI-00415-2,ORD-00415,PROD-111,2,831.12,0,2024-11-09 21:48:59,2024-11-09 21:48:59
OI-00415-3,ORD-00415,PROD-121,4,261.06,23.28,2024-11-09 21:48:59,2024-11-09 21:48:59
OI-00416-1,ORD-00416,PROD-108,3,415.88,0,2024-04-03 08:30:16,2024-04-03 08:30:16
OI-00416-2,ORD-00416,PROD-132,4,381.18,0,2024-04-03 08:30:16,2024-04-03 08:30:16
OI-00416-3,ORD-00416,PROD-103,1,594.17,0,2024-04-03 08:30:16,2024-04-03 08:30:16
OI-00416-4,ORD-00416,PROD-129,2,263.71,7.4,2024-04-03 08:30:16,2024-04-03 08:30:16
OI-00417-1,ORD-00417,PROD-137,1,276.02,0,2024-05-25 10:53:10,2024-05-25 10:53:10
OI-00417-2,ORD-00417,PROD-138,2,228.67,0,2024-05-25 10:53:10,2024-05-25 10:53:10
OI-00417-3,ORD-00417,PROD-114,1,516.29,38.58,2024-05-25 10:53:10,2024-05-25 10:53:10
OI-00418-1,ORD-00418,PROD-138,2,228.67,31.57,2024-01-14 12:43:43,2024-01-14 12:43:43
OI-00418-2,ORD-00418,PROD-107,4,52.73,0,2024-01-14 12:43:43,2024-01-14 12:43:43
OI-00418-3,ORD-00418,PROD-121,3,261.06,0,2024-01-14 12:43:43,2024-01-14 12:43:43
OI-00419-1,ORD-00419,PROD-114,3,516.29,0,2024-06-17 08:41:39,2024-06-17 08:41:39
OI-00419-2,ORD-00419,PROD-104,1,537.47,0,2024-06-17 08:41:39,2024-06-17 08:41:39
OI-00420-1,ORD-00420,PROD-126,1,457.47,0,2024-11-04 14:05:25,2024-11-04 14:05:25
OI-00420-2,ORD-00420,PROD-106,2,210.4,0,2024-11-04 14:05:25,2024-11-04 14:05:25
OI-00421-1,ORD-00421,PROD-132,2,381.18,0,2024-05-25 18:48:41,2024-05-25 18:48:41
OI-00421-2,ORD-00421,PROD-128,1,237.63,0,2024-05-25 18:48:41,2024-05-25 18:48:41
OI-00421-3,ORD-00421,PROD-120,2,455.08,0,2024-05-25 18:48:41,2024-05-25 18:48:41
OI-00422-1,ORD-00422,PROD-128,3,237.63,0,2024-07-17 15:17:36,2024-07-17 15:17:36
OI-00423-1,ORD-00423,PROD-115,1,281.72,18.48,2024-11-18 14:05:02,2024-11-18 14:05:02
OI-00423-2,ORD-00423,PROD-110,4,152.58,0,2024-11-18 14:05:02,2024-11-18 14:05:02
OI-00423-3,ORD-00423,PROD-132,2,381.18,0,2024-11-18 14:05:02,2024-11-18 14:05:02
OI-00423-4,ORD-00423,PROD-134,3,165.71,0,2024-11-18 14:05:02,2024-11-18 14:05:02
OI-00424-1,ORD-00424,PROD-133,1,754.46,0,2024-08-06 12:36:03,2024-08-06 12:36:03
OI-00425-1,ORD-00425,PROD-117,1,521.02,51.7,2024-02-18 15:42:46,2024-02-18 15:42:46
OI-00425-2,ORD-00425,PROD-138,2,228.67,0,2024-02-18 15:42:46,2024-02-18 15:42:46
OI-00425-3,ORD-00425,PROD-106,4,210.4,52.55,2024-02-18 15:42:46,2024-02-18 15:42:46
OI-00426-1,ORD-00426,PROD-122,2,896.26,264.09,2024-06-01 13:37:46,2024-06-01 13:37:46
OI-00426-2,ORD-00426,PROD-112,3,437.58,0,2024-06-01 13:37:46,2024-06-01 13:37:46
OI-00426-3,ORD-00426,PROD-114,1,516.29,0,2024-06-01 13:37:46,2024-06-01 13:37:46
OI-00427-1,ORD-00427,PROD-126,3,457.47,0,2024-01-03 14:07:00,2024-01-03 14:07:00
OI-00427-2,ORD-00427,PROD-139,4,478.09,0,2024-01-03 14:07:00,2024-01-03 14:07:00
OI-00427-3,ORD-00427,PROD-132,1,381.18,0.79,2024-01-03 14:07:00,2024-01-03 14:07:00
OI-00427-4,ORD-00427,PROD-120,1,455.08,0,2024-01-03 14:07:00,2024-01-03 14:07:00
OI-00428-1,ORD-00428,PROD-128,2,237.63,54.87,2024-04-06 21:01:13,2024-04-06 21:01:13
OI-00428-2,ORD-00428,PROD-135,2,490.52,0,2024-04-06 21:01:13,2024-04-06 21:01:13
OI-00429-1,ORD-00429,PROD-131,2,207.47,35.44,2024-02-29 10:57:09,2024-02-29 10:57:09
OI-00429-2,ORD-00429,PROD-102,4,652.45,3.08,2024-02-29 10:57:09,2024-02-29 10:57:09
OI-00429-3,ORD-00429,PROD-129,4,263.71,0,2024-02-29 10:57:09,2024-02-29 10:57:09
OI-00429-4,ORD-00429,PROD-138,4,228.67,0,2024-02-29 10:57:09,2024-02-29 10:57:09
OI-00430-1,ORD-00430,PROD-115,4,281.72,0,2024-05-28 08:31:25,2024-05-28 08:31:25
OI-00430-2,ORD-00430,PROD-104,1,537.47,52.27,2024-05-28 08:31:25,2024-05-28 08:31:25
OI-00430-3,ORD-00430,PROD-134,4,165.71,61.91,2024-05-28 08:31:25,2024-05-28 08:31:25
OI-00430-4,ORD-00430,PROD-102,3,652.45,0,2024-05-28 08:31:25,2024-05-28 08:31:25
OI-00431-1,ORD-00431,PROD-129,2,263.71,0,2024-01-11 10:18:46,2024-01-11 10:18:46
OI-00431-2,ORD-00431,PROD-115,3,281.72,0,2024-01-11 10:18:46,2024-01-11 10:18:46
OI-00431-3,ORD-00431,PROD-133,4,754.46,132.81,2024-01-11 10:18:46,2024-01-11 10:18:46
OI-00432-1,ORD-00432,PROD-111,1,831.12,0,2024-07-18 14:53:43,2024-07-18 14:53:43
OI-00432-2,ORD-00432,PROD-140,2,29.92,1.4,2024-07-18 14:53:43,2024-07-18 14:53:43
OI-00432-3,ORD-00432,PROD-114,4,516.29,128.86,2024-07-18 14:53:43,2024-07-18 14:53:43
OI-00432-4,ORD-00432,PROD-119,4,378.05,0,2024-07-18 14:53:43,2024-07-18 14:53:43
OI-00433-1,ORD-00433,PROD-112,1,437.58,0,2024-10-12 08:01:22,2024-10-12 08:01:22
OI-00433-2,ORD-00433,PROD-133,3,754.46,0,2024-10-12 08:01:22,2024-10-12 08:01:22
OI-00434-1,ORD-00434,PROD-123,3,284.29,0,2024-04-26 09:35:14,2024-04-26 09:35:14
OI-00434-2,ORD-00434,PROD-103,1,594.17,0,2024-04-26 09:35:14,2024-04-26 09:35:14
OI-00434-3,ORD-00434,PROD-136,4,556.06,0,2024-04-26 09:35:14,2024-04-26 09:35:14
OI-00435-1,ORD-00435,PROD-133,1,754.46,13.36,2024-02-26 09:50:39,2024-02-26 09:50:39
OI-00436-1,ORD-00436,PROD-107,2,52.73,3.19,2024-07-04 10:46:18,2024-07-04 10:46:18
OI-00436-2,ORD-00436,PROD-110,4,152.58,0,2024-07-04 10:46:18,2024-07-04 10:46:18
OI-00436-3,ORD-00436,PROD-124,1,24.66,2.99,2024-07-04 10:46:18,2024-07-04 10:46:18
OI-00436-4,ORD-00436,PROD-122,3,896.26,69.07,2024-07-04 10:46:18,2024-07-04 10:46:18
OI-00437-1,ORD-00437,PROD-115,4,281.72,0,2024-07-31 13:40:42,2024-07-31 13:40:42
OI-00437-2,ORD-00437,PROD-109,3,774.44,0,2024-07-31 13:40:42,2024-07-31 13:40:42
OI-00437-3,ORD-00437,PROD-128,4,237.63,1.42,2024-07-31 13:40:42,2024-07-31 13:40:42
OI-00437-4,ORD-00437,PROD-127,1,631.92,29.84,2024-07-31 13:40:42,2024-07-31 13:40:42
OI-00438-1,ORD-00438,PROD-134,3,165.71,0,2024-03-25 14:03:25,2024-03-25 14:03:25
OI-00439-1,ORD-00439,PROD-101,2,655.83,0,2024-12-14 19:35:55,2024-12-14 19:35:55
OI-00439-2,ORD-00439,PROD-118,4,399.59,0,2024-12-14 19:35:55,2024-12-14 19:35:55
OI-00439-3,ORD-00439,PROD-134,4,165.71,0,2024-12-14 19:35:55,2024-12-14 19:35:55
OI-00440-1,ORD-00440,PROD-135,3,490.52,0,2024-11-28 14:49:12,2024-11-28 14:49:12
OI-00441-1,ORD-00441,PROD-134,1,165.71,19.8,2024-03-05 16:34:18,2024-03-05 16:34:18
OI-00441-2,ORD-00441,PROD-122,3,896.26,312.23,2024-03-05 16:34:18,2024-03-05 16:34:18
OI-00441-3,ORD-00441,PROD-111,4,831.12,0,2024-03-05 16:34:18,2024-03-05 16:34:18
OI-00442-1,ORD-00442,PROD-108,3,415.88,0,2024-01-31 21:23:16,2024-01-31 21:23:16
OI-00442-2,ORD-00442,PROD-104,1,537.47,0,2024-01-31 21:23:16,2024-01-31 21:23:16
OI-00442-3,ORD-00442,PROD-129,2,263.71,0,2024-01-31 21:23:16,2024-01-31 21:23:16
OI-00443-1,ORD-00443,PROD-123,3,284.29,0,2024-10-16 19:57:40,2024-10-16 19:57:40
OI-00443-2,ORD-00443,PROD-120,2,455.08,0,2024-10-16 19:57:40,2024-10-16 19:57:40
OI-00444-1,ORD-00444,PROD-130,4,72.97,0,2024-05-06 09:20:33,2024-05-06 09:20:33
OI-00444-2,ORD-00444,PROD-107,1,52.73,3.36,2024-05-06 09:20:33,2024-05-06 09:20:33
OI-00444-3,ORD-00444,PROD-110,2,152.58,0,2024-05-06 09:20:33,2024-05-06 09:20:33
OI-00445-1,ORD-00445,PROD-117,4,521.02,0,2024-02-09 13:43:33,2024-02-09 13:43:33
OI-00445-2,ORD-00445,PROD-138,4,228.67,0,2024-02-09 13:43:33,2024-02-09 13:43:33
OI-00445-3,ORD-00445,PROD-132,4,381.18,0,2024-02-09 13:43:33,2024-02-09 13:43:33
OI-00445-4,ORD-00445,PROD-128,2,237.63,0,2024-02-09 13:43:33,2024-02-09 13:43:33
OI-00446-1,ORD-00446,PROD-114,4,516.29,0,2024-12-30 15:08:45,2024-12-30 15:08:45
OI-00447-1,ORD-00447,PROD-108,1,415.88,0,2024-03-21 16:23:58,2024-03-21 16:23:58
OI-00447-2,ORD-00447,PROD-124,1,24.66,0,2024-03-21 16:23:58,2024-03-21 16:23:58
OI-00447-3,ORD-00447,PROD-137,3,276.02,0,2024-03-21 16:23:58,2024-03-21 16:23:58
OI-00447-4,ORD-00447,PROD-119,4,378.05,32.41,2024-03-21 16:23:58,2024-03-21 16:23:58
OI-00448-1,ORD-00448,PROD-112,1,437.58,22.88,2024-10-28 14:03:59,2024-10-28 14:03:59
OI-00448-2,ORD-00448,PROD-132,1,381.18,0,2024-10-28 14:03:59,2024-10-28 14:03:59
OI-00449-1,ORD-00449,PROD-139,4,478.09,0,2024-06-07 17:28:57,2024-06-07 17:28:57
OI-00449-2,ORD-00449,PROD-109,2,774.44,0,2024-06-07 17:28:57,2024-06-07 17:28:57
OI-00449-3,ORD-00449,PROD-133,3,754.46,212.11,2024-06-07 17:28:57,2024-06-07 17:28:57
OI-00449-4,ORD-00449,PROD-130,4,72.97,0,2024-06-07 17:28:57,2024-06-07 17:28:57
OI-00450-1,ORD-00450,PROD-106,3,210.4,0,2024-07-21 13:34:02,2024-07-21 13:34:02
OI-00450-2,ORD-00450,PROD-111,1,831.12,0,2024-07-21 13:34:02,2024-07-21 13:34:02
OI-00450-3,ORD-00450,PROD-102,1,652.45,60.55,2024-07-21 13:34:02,2024-07-21 13:34:02
OI-00451-1,ORD-00451,PROD-108,2,415.88,0,2024-01-28 17:33:12,2024-01-28 17:33:12
OI-00452-1,ORD-00452,PROD-135,3,490.52,0,2024-04-15 11:53:45,2024-04-15 11:53:45
OI-00453-1,ORD-00453,PROD-127,3,631.92,0,2024-09-08 21:59:01,2024-09-08 21:59:01
OI-00453-2,ORD-00453,PROD-102,1,652.45,9.72,2024-09-08 21:59:01,2024-09-08 21:59:01
OI-00454-1,ORD-00454,PROD-127,3,631.92,202.84,2024-05-26 10:11:16,2024-05-26 10:11:16
OI-00454-2,ORD-00454,PROD-111,3,831.12,0,2024-05-26 10:11:16,2024-05-26 10:11:16
OI-00454-3,ORD-00454,PROD-104,3,537.47,215.98,2024-05-26 10:11:16,2024-05-26 10:11:16
OI-00455-1,ORD-00455,PROD-139,2,478.09,0,2024-07-11 21:57:07,2024-07-11 21:57:07
OI-00455-2,ORD-00455,PROD-138,4,228.67,0,2024-07-11 21:57:07,2024-07-11 21:57:07
OI-00456-1,ORD-00456,PROD-102,1,652.45,54.29,2024-02-01 13:29:35,2024-02-01 13:29:35
OI-00456-2,ORD-00456,PROD-127,2,631.92,0,2024-02-01 13:29:35,2024-02-01 13:29:35
OI-00456-3,ORD-00456,PROD-115,4,281.72,0,2024-02-01 13:29:35,2024-02-01 13:29:35
OI-00456-4,ORD-00456,PROD-118,2,399.59,0,2024-02-01 13:29:35,2024-02-01 13:29:35
OI-00457-1,ORD-00457,PROD-136,4,556.06,0,2024-07-10 16:10:50,2024-07-10 16:10:50
OI-00457-2,ORD-00457,PROD-129,3,263.71,0,2024-07-10 16:10:50,2024-07-10 16:10:50
OI-00457-3,ORD-00457,PROD-103,2,594.17,166.4,2024-07-10 16:10:50,2024-07-10 16:10:50
OI-00457-4,ORD-00457,PROD-101,4,655.83,98.72,2024-07-10 16:10:50,2024-07-10 16:10:50
OI-00458-1,ORD-00458,PROD-103,1,594.17,0,2024-07-13 13:53:40,2024-07-13 13:53:40
OI-00458-2,ORD-00458,PROD-111,4,831.12,0,2024-07-13 13:53:40,2024-07-13 13:53:40
OI-00458-3,ORD-00458,PROD-135,2,490.52,0,2024-07-13 13:53:40,2024-07-13 13:53:40
OI-00459-1,ORD-00459,PROD-129,3,263.71,0,2024-08-09 11:39:32,2024-08-09 11:39:32
OI-00459-2,ORD-00459,PROD-118,4,399.59,0,2024-08-09 11:39:32,2024-08-09 11:39:32
OI-00459-3,ORD-00459,PROD-116,3,74.59,23.22,2024-08-09 11:39:32,2024-08-09 11:39:32
OI-00460-1,ORD-00460,PROD-136,1,556.06,0,2024-01-02 17:30:00,2024-01-02 17:30:00
OI-00460-2,ORD-00460,PROD-132,1,381.18,0,2024-01-02 17:30:00,2024-01-02 17:30:00
OI-00460-3,ORD-00460,PROD-126,4,457.47,0,2024-01-02 17:30:00,2024-01-02 17:30:00
OI-00460-4,ORD-00460,PROD-135,3,490.52,0,2024-01-02 17:30:00,2024-01-02 17:30:00
OI-00461-1,ORD-00461,PROD-130,3,72.97,0,2024-11-03 13:24:11,2024-11-03 13:24:11
OI-00462-1,ORD-00462,PROD-106,3,210.4,0,2024-01-11 20:17:43,2024-01-11 20:17:43
OI-00462-2,ORD-00462,PROD-140,2,29.92,4.43,2024-01-11 20:17:43,2024-01-11 20:17:43
OI-00463-1,ORD-00463,PROD-113,4,454.72,75.67,2024-09-09 22:45:45,2024-09-09 22:45:45
OI-00464-1,ORD-00464,PROD-105,2,798.17,0,2024-09-09 10:35:12,2024-09-09 10:35:12
OI-00464-2,ORD-00464,PROD-138,2,228.67,39.1,2024-09-09 10:35:12,2024-09-09 10:35:12
OI-00465-1,ORD-00465,PROD-136,4,556.06,0,2024-09-24 19:50:17,2024-09-24 19:50:17
OI-00465-2,ORD-00465,PROD-130,1,72.97,0,2024-09-24 19:50:17,2024-09-24 19:50:17
OI-00465-3,ORD-00465,PROD-101,3,655.83,0,2024-09-24 19:50:17,2024-09-24 19:50:17
OI-00466-1,ORD-00466,PROD-134,1,165.71,10.44,2024-05-20 09:43:33,2024-05-20 09:43:33
OI-00466-2,ORD-00466,PROD-103,4,594.17,0,2024-05-20 09:43:33,2024-05-20 09:43:33
OI-00466-3,ORD-00466,PROD-115,4,281.72,13.83,2024-05-20 09:43:33,2024-05-20 09:43:33
OI-00467-1,ORD-00467,PROD-113,3,454.72,0,2024-01-13 19:14:44,2024-01-13 19:14:44
OI-00467-2,ORD-00467,PROD-111,1,831.12,53.85,2024-01-13 19:14:44,2024-01-13 19:14:44
OI-00468-1,ORD-00468,PROD-107,2,52.73,0,2024-10-30 20:40:59,2024-10-30 20:40:59
OI-00468-2,ORD-00468,PROD-131,1,207.47,0,2024-10-30 20:40:59,2024-10-30 20:40:59
OI-00469-1,ORD-00469,PROD-129,1,263.71,2.4,2024-05-01 09:49:38,2024-05-01 09:49:38
OI-00470-1,ORD-00470,PROD-104,1,537.47,0,2024-07-12 13:56:54,2024-07-12 13:56:54
OI-00470-2,ORD-00470,PROD-129,4,263.71,107.21,2024-07-12 13:56:54,2024-07-12 13:56:54
OI-00471-1,ORD-00471,PROD-130,4,72.97,0,2024-07-14 14:06:39,2024-07-14 14:06:39
OI-00472-1,ORD-00472,PROD-134,1,165.71,14.79,2024-11-13 17:06:21,2024-11-13 17:06:21
OI-00472-2,ORD-00472,PROD-122,1,896.26,0,2024-11-13 17:06:21,2024-11-13 17:06:21
OI-00472-3,ORD-00472,PROD-138,2,228.67,0,2024-11-13 17:06:21,2024-11-13 17:06:21
OI-00472-4,ORD-00472,PROD-113,2,454.72,0,2024-11-13 17:06:21,2024-11-13 17:06:21
OI-00473-1,ORD-00473,PROD-116,1,74.59,3.49,2024-06-30 14:30:46,2024-06-30 14:30:46
OI-00473-2,ORD-00473,PROD-109,4,774.44,0,2024-06-30 14:30:46,2024-06-30 14:30:46
OI-00474-1,ORD-00474,PROD-131,3,207.47,90.59,2024-07-02 12:37:56,2024-07-02 12:37:56
OI-00474-2,ORD-00474,PROD-120,2,455.08,69.23,2024-07-02 12:37:56,2024-07-02 12:37:56
OI-00475-1,ORD-00475,PROD-113,3,454.72,97.34,2024-10-13 21:03:27,2024-10-13 21:03:27
OI-00475-2,ORD-00475,PROD-105,4,798.17,0,2024-10-13 21:03:27,2024-10-13 21:03:27
OI-00476-1,ORD-00476,PROD-111,1,831.12,0,2024-10-23 17:21:39,2024-10-23 17:21:39
OI-00476-2,ORD-00476,PROD-107,1,52.73,0,2024-10-23 17:21:39,2024-10-23 17:21:39
OI-00476-3,ORD-00476,PROD-130,2,72.97,0,2024-10-23 17:21:39,2024-10-23 17:21:39
OI-00477-1,ORD-00477,PROD-126,1,457.47,0,2024-05-02 15:47:49,2024-05-02 15:47:49
OI-00477-2,ORD-00477,PROD-112,1,437.58,0,2024-05-02 15:47:49,2024-05-02 15:47:49
OI-00478-1,ORD-00478,PROD-103,2,594.17,39.03,2024-02-28 10:18:28,2024-02-28 10:18:28
OI-00478-2,ORD-00478,PROD-102,3,652.45,0,2024-02-28 10:18:28,2024-02-28 10:18:28
OI-00478-3,ORD-00478,PROD-113,3,454.72,0,2024-02-28 10:18:28,2024-02-28 10:18:28
OI-00479-1,ORD-00479,PROD-109,4,774.44,0,2024-04-01 11:01:11,2024-04-01 11:01:11
OI-00480-1,ORD-00480,PROD-124,4,24.66,0,2024-02-26 13:59:13,2024-02-26 13:59:13
OI-00480-2,ORD-00480,PROD-111,1,831.12,110.05,2024-02-26 13:59:13,2024-02-26 13:59:13
OI-00481-1,ORD-00481,PROD-139,1,478.09,0,2024-04-07 11:34:24,2024-04-07 11:34:24
OI-00481-2,ORD-00481,PROD-128,2,237.63,0,2024-04-07 11:34:24,2024-04-07 11:34:24
OI-00481-3,ORD-00481,PROD-116,3,74.59,0,2024-04-07 11:34:24,2024-04-07 11:34:24
OI-00482-1,ORD-00482,PROD-114,1,516.29,30.06,2024-11-18 20:17:55,2024-11-18 20:17:55
OI-00482-2,ORD-00482,PROD-106,3,210.4,0,2024-11-18 20:17:55,2024-11-18 20:17:55
OI-00482-3,ORD-00482,PROD-131,4,207.47,88.69,2024-11-18 20:17:55,2024-11-18 20:17:55
OI-00482-4,ORD-00482,PROD-140,4,29.92,0,2024-11-18 20:17:55,2024-11-18 20:17:55
OI-00483-1,ORD-00483,PROD-114,2,516.29,0,2024-08-30 12:37:25,2024-08-30 12:37:25
OI-00484-1,ORD-00484,PROD-124,1,24.66,0.31,2024-04-30 14:13:19,2024-04-30 14:13:19
OI-00484-2,ORD-00484,PROD-117,4,521.02,0,2024-04-30 14:13:19,2024-04-30 14:13:19
OI-00485-1,ORD-00485,PROD-129,3,263.71,0,2024-10-25 08:29:32,2024-10-25 08:29:32
OI-00485-2,ORD-00485,PROD-130,3,72.97,0.81,2024-10-25 08:29:32,2024-10-25 08:29:32
OI-00485-3,ORD-00485,PROD-128,4,237.63,92.01,2024-10-25 08:29:32,2024-10-25 08:29:32
OI-00485-4,ORD-00485,PROD-127,3,631.92,0,2024-10-25 08:29:32,2024-10-25 08:29:32
OI-00486-1,ORD-00486,PROD-107,1,52.73,0,2024-09-13 16:34:41,2024-09-13 16:34:41
OI-00486-2,ORD-00486,PROD-108,2,415.88,0,2024-09-13 16:34:41,2024-09-13 16:34:41
OI-00487-1,ORD-00487,PROD-139,3,478.09,64.43,2024-06-17 12:19:47,2024-06-17 12:19:47
OI-00487-2,ORD-00487,PROD-109,3,774.44,0,2024-06-17 12:19:47,2024-06-17 12:19:47
OI-00488-1,ORD-00488,PROD-133,2,754.46,0,2024-07-26 21:37:48,2024-07-26 21:37:48
OI-00488-2,ORD-00488,PROD-110,2,152.58,0,2024-07-26 21:37:48,2024-07-26 21:37:48
OI-00488-3,ORD-00488,PROD-126,4,457.47,0,2024-07-26 21:37:48,2024-07-26 21:37:48
OI-00488-4,ORD-00488,PROD-115,4,281.72,0,2024-07-26 21:37:48,2024-07-26 21:37:48
OI-00489-1,ORD-00489,PROD-129,1,263.71,0,2024-06-09 21:12:27,2024-06-09 21:12:27
OI-00489-2,ORD-00489,PROD-136,2,556.06,0,2024-06-09 21:12:27,2024-06-09 21:12:27
OI-00490-1,ORD-00490,PROD-126,1,457.47,0,2024-12-03 21:22:21,2024-12-03 21:22:21
OI-00490-2,ORD-00490,PROD-135,1,490.52,0,2024-12-03 21:22:21,2024-12-03 21:22:21
OI-00490-3,ORD-00490,PROD-120,2,455.08,0,2024-12-03 21:22:21,2024-12-03 21:22:21
OI-00490-4,ORD-00490,PROD-121,3,261.06,0,2024-12-03 21:22:21,2024-12-03 21:22:21
OI-00491-1,ORD-00491,PROD-126,4,457.47,29.82,2024-11-04 22:38:36,2024-11-04 22:38:36
OI-00491-2,ORD-00491,PROD-105,4,798.17,0,2024-11-04 22:38:36,2024-11-04 22:38:36
OI-00492-1,ORD-00492,PROD-139,4,478.09,57.08,2024-02-17 10:06:43,2024-02-17 10:06:43
OI-00493-1,ORD-00493,PROD-130,1,72.97,0,2024-07-16 12:13:14,2024-07-16 12:13:14
OI-00494-1,ORD-00494,PROD-108,4,415.88,0,2024-03-28 13:55:58,2024-03-28 13:55:58
OI-00494-2,ORD-00494,PROD-109,1,774.44,0,2024-03-28 13:55:58,2024-03-28 13:55:58
OI-00495-1,ORD-00495,PROD-111,2,831.12,0,2024-04-15 10:55:13,2024-04-15 10:55:13
OI-00495-2,ORD-00495,PROD-139,4,478.09,2.14,2024-04-15 10:55:13,2024-04-15 10:55:13
OI-00495-3,ORD-00495,PROD-137,2,276.02,0,2024-04-15 10:55:13,2024-04-15 10:55:13
OI-00495-4,ORD-00495,PROD-120,4,455.08,0,2024-04-15 10:55:13,2024-04-15 10:55:13
OI-00496-1,ORD-00496,PROD-137,4,276.02,0,2024-09-26 13:58:36,2024-09-26 13:58:36
OI-00496-2,ORD-00496,PROD-103,3,594.17,0,2024-09-26 13:58:36,2024-09-26 13:58:36
OI-00496-3,ORD-00496,PROD-106,2,210.4,0,2024-09-26 13:58:36,2024-09-26 13:58:36
OI-00496-4,ORD-00496,PROD-119,2,378.05,0,2024-09-26 13:58:36,2024-09-26 13:58:36
OI-00497-1,ORD-00497,PROD-126,1,457.47,59.74,2024-08-09 15:24:58,2024-08-09 15:24:58
OI-00498-1,ORD-00498,PROD-127,1,631.92,0,2024-11-17 16:18:42,2024-11-17 16:18:42
OI-00498-2,ORD-00498,PROD-136,3,556.06,0,2024-11-17 16:18:42,2024-11-17 16:18:42
OI-00498-3,ORD-00498,PROD-108,2,415.88,63.14,2024-11-17 16:18:42,2024-11-17 16:18:42
OI-00498-4,ORD-00498,PROD-124,4,24.66,9.45,2024-11-17 16:18:42,2024-11-17 16:18:42
OI-00499-1,ORD-00499,PROD-103,2,594.17,0,2024-08-24 14:21:47,2024-08-24 14:21:47
OI-00499-2,ORD-00499,PROD-101,4,655.83,0,2024-08-24 14:21:47,2024-08-24 14:21:47
OI-00499-3,ORD-00499,PROD-117,1,521.02,51.35,2024-08-24 14:21:47,2024-08-24 14:21:47
OI-00499-4,ORD-00499,PROD-108,4,415.88,204.72,2024-08-24 14:21:47,2024-08-24 14:21:47
OI-00500-1,ORD-00500,PROD-119,4,378.05,152.29,2024-03-23 10:53:01,2024-03-23 10:53:01
OI-00500-2,ORD-00500,PROD-108,1,415.88,0,2024-03-23 10:53:01,2024-03-23 10:53:01
