payment_id,order_id,payment_method,amount,status,payment_date,payment_timestamp,created_at,updated_at
PAY-00001,ORD-00001,PAYPAL,216.64,CAPTURED,2024-06-15,2024-06-15 10:51:39,2024-06-15 10:51:39,2024-06-15 10:51:39
PAY-00002,ORD-00002,PAYPAL,1727.38,REFUNDED,2024-02-10,2024-02-10 14:55:19,2024-02-10 14:55:19,2024-02-10 14:55:19
PAY-00002-R,ORD-00002,PAYPAL,1727.38,REFUNDED,2024-02-10,2024-02-10 14:55:19,2024-02-10 14:55:19,2024-02-10 14:55:19
PAY-00003,ORD-00003,DEBIT_CARD,278.79,REFUNDED,2024-06-27,2024-06-27 13:46:52,2024-06-27 13:46:52,2024-06-27 13:46:52
PAY-00004,ORD-00004,APPLE_PAY,982.51,CAPTURED,2024-08-25,2024-08-25 20:36:48,2024-08-25 20:36:48,2024-08-25 20:36:48
PAY-00005,ORD-00005,PAYPAL,3462.92,CAPTURED,2024-06-07,2024-06-07 15:28:02,2024-06-07 15:28:02,2024-06-07 15:28:02
PAY-00006,ORD-00006,PAYPAL,1348.76,CAPTURED,2024-09-13,2024-09-13 10:03:28,2024-09-13 10:03:28,2024-09-13 10:03:28
PAY-00007,ORD-00007,PAYPAL,5392.15,CAPTURED,2024-09-25,2024-09-25 16:39:10,2024-09-25 16:39:10,2024-09-25 16:39:10
PAY-00008,ORD-00008,GIFT_CARD,1471.33,CAPTURED,2024-11-04,2024-11-04 21:09:21,2024-11-04 21:09:21,2024-11-04 21:09:21
PAY-00009,ORD-00009,GIFT_CARD,679.86,CAPTURED,2024-11-25,2024-11-25 20:21:52,2024-11-25 20:21:52,2024-11-25 20:21:52
PAY-00010,ORD-00010,DEBIT_CARD,1176.22,CAPTURED,2024-06-23,2024-06-23 20:31:12,2024-06-23 20:31:12,2024-06-23 20:31:12
PAY-00011,ORD-00011,DEBIT_CARD,1775.38,CAPTURED,2024-11-12,2024-11-12 10:38:24,2024-11-12 10:38:24,2024-11-12 10:38:24
PAY-00012,ORD-00012,DEBIT_CARD,1740.04,CAPTURED,2024-05-25,2024-05-25 20:47:50,2024-05-25 20:47:50,2024-05-25 20:47:50
PAY-00013,ORD-00013,DEBIT_CARD,2621.55,CAPTURED,2024-07-14,2024-07-14 16:33:26,2024-07-14 16:33:26,2024-07-14 16:33:26
PAY-00014,ORD-00014,PAYPAL,3266.4,CAPTURED,2024-03-04,2024-03-04 12:05:48,2024-03-04 12:05:48,2024-03-04 12:05:48
PAY-00015,ORD-00015,PAYPAL,4700.0,CAPTURED,2024-07-10,2024-07-10 11:01:20,2024-07-10 11:01:20,2024-07-10 11:01:20
PAY-00016,ORD-00016,CREDIT_CARD,1042.04,CAPTURED,2024-12-27,2024-12-27 15:28:39,2024-12-27 15:28:39,2024-12-27 15:28:39
PAY-00017,ORD-00017,DEBIT_CARD,3841.94,CAPTURED,2024-11-07,2024-11-07 16:27:07,2024-11-07 16:27:07,2024-11-07 16:27:07
PAY-00018,ORD-00018,DEBIT_CARD,1406.85,REFUNDED,2024-11-19,2024-11-19 16:36:15,2024-11-19 16:36:15,2024-11-19 16:36:15
PAY-00019,ORD-00019,CREDIT_CARD,3252.46,CAPTURED,2024-10-10,2024-10-10 08:24:55,2024-10-10 08:24:55,2024-10-10 08:24:55
PAY-00020,ORD-00020,DEBIT_CARD,938.87,REFUNDED,2024-12-16,2024-12-16 15:44:30,2024-12-16 15:44:30,2024-12-16 15:44:30
PAY-00021,ORD-00021,APPLE_PAY,3235.39,CAPTURED,2024-06-07,2024-06-07 16:25:52,2024-06-07 16:25:52,2024-06-07 16:25:52
PAY-00022,ORD-00022,PAYPAL,1233.27,CAPTURED,2024-07-23,2024-07-23 19:28:57,2024-07-23 19:28:57,2024-07-23 19:28:57
PAY-00023,ORD-00023,CREDIT_CARD,3785.4,CAPTURED,2024-04-02,2024-04-02 16:18:20,2024-04-02 16:18:20,2024-04-02 16:18:20
PAY-00024,ORD-00024,APPLE_PAY,6757.22,CAPTURED,2024-05-20,2024-05-20 18:50:03,2024-05-20 18:50:03,2024-05-20 18:50:03
PAY-00025,ORD-00025,PAYPAL,4534.07,CAPTURED,2024-01-17,2024-01-17 17:09:43,2024-01-17 17:09:43,2024-01-17 17:09:43
PAY-00026,ORD-00026,CREDIT_CARD,3112.71,CAPTURED,2024-04-05,2024-04-05 15:33:24,2024-04-05 15:33:24,2024-04-05 15:33:24
PAY-00027,ORD-00027,PAYPAL,4487.67,REFUNDED,2024-12-31,2024-12-31 15:05:51,2024-12-31 15:05:51,2024-12-31 15:05:51
PAY-00028,ORD-00028,DEBIT_CARD,3633.6,CAPTURED,2024-04-24,2024-04-24 09:12:50,2024-04-24 09:12:50,2024-04-24 09:12:50
PAY-00029,ORD-00029,PAYPAL,1054.84,CAPTURED,2024-07-28,2024-07-28 21:36:04,2024-07-28 21:36:04,2024-07-28 21:36:04
PAY-00030,ORD-00030,GIFT_CARD,1249.7,CAPTURED,2024-03-06,2024-03-06 22:53:49,2024-03-06 22:53:49,2024-03-06 22:53:49
PAY-00031,ORD-00031,GIFT_CARD,2032.99,CAPTURED,2024-06-14,2024-06-14 22:45:14,2024-06-14 22:45:14,2024-06-14 22:45:14
PAY-00032,ORD-00032,GIFT_CARD,4641.77,REFUNDED,2024-03-19,2024-03-19 10:42:39,2024-03-19 10:42:39,2024-03-19 10:42:39
PAY-00032-R,ORD-00032,GIFT_CARD,4641.77,REFUNDED,2024-03-19,2024-03-19 10:42:39,2024-03-19 10:42:39,2024-03-19 10:42:39
PAY-00033,ORD-00033,APPLE_PAY,3633.75,CAPTURED,2024-11-17,2024-11-17 16:18:41,2024-11-17 16:18:41,2024-11-17 16:18:41
PAY-00034,ORD-00034,PAYPAL,3393.49,CAPTURED,2024-04-14,2024-04-14 13:38:09,2024-04-14 13:38:09,2024-04-14 13:38:09
PAY-00035,ORD-00035,PAYPAL,4693.42,CAPTURED,2024-11-11,2024-11-11 14:15:55,2024-11-11 14:15:55,2024-11-11 14:15:55
PAY-00036,ORD-00036,CREDIT_CARD,1512.2,CAPTURED,2024-08-22,2024-08-22 11:13:37,2024-08-22 11:13:37,2024-08-22 11:13:37
PAY-00037,ORD-00037,CREDIT_CARD,475.26,CAPTURED,2024-11-30,2024-11-30 18:30:18,2024-11-30 18:30:18,2024-11-30 18:30:18
PAY-00038,ORD-00038,APPLE_PAY,552.04,CAPTURED,2024-07-06,2024-07-06 20:25:23,2024-07-06 20:25:23,2024-07-06 20:25:23
PAY-00039,ORD-00039,PAYPAL,774.44,CAPTURED,2024-02-07,2024-02-07 14:32:28,2024-02-07 14:32:28,2024-02-07 14:32:28
PAY-00040,ORD-00040,DEBIT_CARD,8044.31,CAPTURED,2024-06-22,2024-06-22 16:23:48,2024-06-22 16:23:48,2024-06-22 16:23:48
PAY-00041,ORD-00041,GIFT_CARD,2558.0,CAPTURED,2024-06-02,2024-06-02 17:21:32,2024-06-02 17:21:32,2024-06-02 17:21:32
PAY-00042,ORD-00042,DEBIT_CARD,828.38,CAPTURED,2024-12-01,2024-12-01 20:49:37,2024-12-01 20:49:37,2024-12-01 20:49:37
PAY-00043,ORD-00043,CREDIT_CARD,454.72,CAPTURED,2024-07-13,2024-07-13 10:52:43,2024-07-13 10:52:43,2024-07-13 10:52:43
PAY-00044,ORD-00044,GIFT_CARD,7272.46,CAPTURED,2024-03-18,2024-03-18 14:44:13,2024-03-18 14:44:13,2024-03-18 14:44:13
PAY-00045,ORD-00045,PAYPAL,4412.27,REFUNDED,2024-10-06,2024-10-06 13:43:49,2024-10-06 13:43:49,2024-10-06 13:43:49
PAY-00045-R,ORD-00045,PAYPAL,4412.27,REFUNDED,2024-10-06,2024-10-06 13:43:49,2024-10-06 13:43:49,2024-10-06 13:43:49
PAY-00046,ORD-00046,GIFT_CARD,2414.1,REFUNDED,2024-05-20,2024-05-20 12:07:36,2024-05-20 12:07:36,2024-05-20 12:07:36
PAY-00047,ORD-00047,GIFT_CARD,660.02,CAPTURED,2024-10-14,2024-10-14 19:17:08,2024-10-14 19:17:08,2024-10-14 19:17:08
PAY-00048,ORD-00048,GIFT_CARD,3150.09,CAPTURED,2024-02-21,2024-02-21 18:49:08,2024-02-21 18:49:08,2024-02-21 18:49:08
PAY-00049,ORD-00049,GIFT_CARD,2169.38,REFUNDED,2024-01-31,2024-01-31 22:49:05,2024-01-31 22:49:05,2024-01-31 22:49:05
PAY-00050,ORD-00050,PAYPAL,1967.49,REFUNDED,2024-07-22,2024-07-22 20:31:11,2024-07-22 20:31:11,2024-07-22 20:31:11
PAY-00050-R,ORD-00050,PAYPAL,1967.49,REFUNDED,2024-07-22,2024-07-22 20:31:11,2024-07-22 20:31:11,2024-07-22 20:31:11
PAY-00051,ORD-00051,APPLE_PAY,2371.08,CAPTURED,2024-05-25,2024-05-25 15:41:34,2024-05-25 15:41:34,2024-05-25 15:41:34
PAY-00052,ORD-00052,PAYPAL,3206.45,REFUNDED,2024-05-11,2024-05-11 19:11:00,2024-05-11 19:11:00,2024-05-11 19:11:00
PAY-00052-R,ORD-00052,PAYPAL,3206.45,REFUNDED,2024-05-11,2024-05-11 19:11:00,2024-05-11 19:11:00,2024-05-11 19:11:00
PAY-00053,ORD-00053,APPLE_PAY,2357.35,CAPTURED,2024-05-07,2024-05-07 08:16:24,2024-05-07 08:16:24,2024-05-07 08:16:24
PAY-00054,ORD-00054,PAYPAL,4049.18,CAPTURED,2024-12-26,2024-12-26 20:19:44,2024-12-26 20:19:44,2024-12-26 20:19:44
PAY-00055,ORD-00055,GIFT_CARD,662.84,CAPTURED,2024-12-06,2024-12-06 21:13:48,2024-12-06 21:13:48,2024-12-06 21:13:48
PAY-00056,ORD-00056,GIFT_CARD,2382.91,CAPTURED,2024-02-09,2024-02-09 22:36:07,2024-02-09 22:36:07,2024-02-09 22:36:07
PAY-00057,ORD-00057,CREDIT_CARD,5710.3,CAPTURED,2024-09-07,2024-09-07 09:57:32,2024-09-07 09:57:32,2024-09-07 09:57:32
PAY-00058,ORD-00058,CREDIT_CARD,201.87,CAPTURED,2024-08-04,2024-08-04 13:44:04,2024-08-04 13:44:04,2024-08-04 13:44:04
PAY-00059,ORD-00059,APPLE_PAY,3433.03,CAPTURED,2024-11-24,2024-11-24 19:41:26,2024-11-24 19:41:26,2024-11-24 19:41:26
PAY-00060,ORD-00060,APPLE_PAY,283.18,CAPTURED,2024-12-10,2024-12-10 19:34:27,2024-12-10 19:34:27,2024-12-10 19:34:27
PAY-00061,ORD-00061,GIFT_CARD,261.96,CAPTURED,2024-01-09,2024-01-09 11:13:04,2024-01-09 11:13:04,2024-01-09 11:13:04
PAY-00062,ORD-00062,DEBIT_CARD,1957.86,CAPTURED,2024-04-29,2024-04-29 16:13:48,2024-04-29 16:13:48,2024-04-29 16:13:48
PAY-00063,ORD-00063,APPLE_PAY,1137.16,CAPTURED,2024-03-30,2024-03-30 18:43:27,2024-03-30 18:43:27,2024-03-30 18:43:27
PAY-00064,ORD-00064,APPLE_PAY,1603.45,CAPTURED,2024-12-22,2024-12-22 14:26:09,2024-12-22 14:26:09,2024-12-22 14:26:09
PAY-00065,ORD-00065,APPLE_PAY,1185.31,CAPTURED,2024-08-25,2024-08-25 22:03:35,2024-08-25 22:03:35,2024-08-25 22:03:35
PAY-00066,ORD-00066,PAYPAL,3968.83,CAPTURED,2024-10-01,2024-10-01 19:53:12,2024-10-01 19:53:12,2024-10-01 19:53:12
PAY-00067,ORD-00067,DEBIT_CARD,4261.92,CAPTURED,2024-09-02,2024-09-02 22:15:44,2024-09-02 22:15:44,2024-09-02 22:15:44
PAY-00068,ORD-00068,PAYPAL,2846.29,CAPTURED,2024-08-28,2024-08-28 20:53:20,2024-08-28 20:53:20,2024-08-28 20:53:20
PAY-00069,ORD-00069,GIFT_CARD,2314.96,CAPTURED,2024-07-13,2024-07-13 17:53:15,2024-07-13 17:53:15,2024-07-13 17:53:15
PAY-00070,ORD-00070,CREDIT_CARD,1263.84,CAPTURED,2024-01-31,2024-01-31 16:02:53,2024-01-31 16:02:53,2024-01-31 16:02:53
PAY-00071,ORD-00071,GIFT_CARD,2706.17,CAPTURED,2024-02-04,2024-02-04 19:09:00,2024-02-04 19:09:00,2024-02-04 19:09:00
PAY-00072,ORD-00072,CREDIT_CARD,1587.93,CAPTURED,2024-08-08,2024-08-08 20:58:11,2024-08-08 20:58:11,2024-08-08 20:58:11
PAY-00073,ORD-00073,DEBIT_CARD,4013.84,CAPTURED,2024-07-10,2024-07-10 14:29:36,2024-07-10 14:29:36,2024-07-10 14:29:36
PAY-00074,ORD-00074,CREDIT_CARD,2606.94,CAPTURED,2024-06-18,2024-06-18 17:54:06,2024-06-18 17:54:06,2024-06-18 17:54:06
PAY-00075,ORD-00075,CREDIT_CARD,1355.91,CAPTURED,2024-12-02,2024-12-02 08:11:59,2024-12-02 08:11:59,2024-12-02 08:11:59
PAY-00076,ORD-00076,APPLE_PAY,1344.28,CAPTURED,2024-07-18,2024-07-18 18:57:34,2024-07-18 18:57:34,2024-07-18 18:57:34
PAY-00077,ORD-00077,CREDIT_CARD,3338.16,CAPTURED,2024-11-10,2024-11-10 17:25:49,2024-11-10 17:25:49,2024-11-10 17:25:49
PAY-00078,ORD-00078,DEBIT_CARD,2312.2,CAPTURED,2024-05-06,2024-05-06 19:04:05,2024-05-06 19:04:05,2024-05-06 19:04:05
PAY-00079,ORD-00079,PAYPAL,1434.27,CAPTURED,2024-09-19,2024-09-19 14:06:01,2024-09-19 14:06:01,2024-09-19 14:06:01
PAY-00080,ORD-00080,GIFT_CARD,868.49,CAPTURED,2024-05-29,2024-05-29 14:24:49,2024-05-29 14:24:49,2024-05-29 14:24:49
PAY-00081,ORD-00081,APPLE_PAY,3864.41,CAPTURED,2024-03-15,2024-03-15 09:10:27,2024-03-15 09:10:27,2024-03-15 09:10:27
PAY-00082,ORD-00082,APPLE_PAY,2795.2,CAPTURED,2024-06-04,2024-06-04 08:25:21,2024-06-04 08:25:21,2024-06-04 08:25:21
PAY-00083,ORD-00083,GIFT_CARD,2092.82,CAPTURED,2024-05-29,2024-05-29 19:44:40,2024-05-29 19:44:40,2024-05-29 19:44:40
PAY-00084,ORD-00084,GIFT_CARD,145.94,CAPTURED,2024-10-15,2024-10-15 11:37:34,2024-10-15 11:37:34,2024-10-15 11:37:34
PAY-00085,ORD-00085,APPLE_PAY,1663.6,CAPTURED,2024-12-20,2024-12-20 09:52:54,2024-12-20 09:52:54,2024-12-20 09:52:54
PAY-00086,ORD-00086,GIFT_CARD,3623.86,CAPTURED,2024-08-17,2024-08-17 17:30:37,2024-08-17 17:30:37,2024-08-17 17:30:37
PAY-00087,ORD-00087,GIFT_CARD,1104.16,CAPTURED,2024-02-24,2024-02-24 08:06:16,2024-02-24 08:06:16,2024-02-24 08:06:16
PAY-00088,ORD-00088,CREDIT_CARD,1763.03,CAPTURED,2024-09-04,2024-09-04 09:18:26,2024-09-04 09:18:26,2024-09-04 09:18:26
PAY-00089,ORD-00089,APPLE_PAY,2400.51,REFUNDED,2024-08-31,2024-08-31 09:28:46,2024-08-31 09:28:46,2024-08-31 09:28:46
PAY-00090,ORD-00090,APPLE_PAY,4109.97,CAPTURED,2024-03-30,2024-03-30 16:10:21,2024-03-30 16:10:21,2024-03-30 16:10:21
PAY-00091,ORD-00091,DEBIT_CARD,1883.32,CAPTURED,2024-02-02,2024-02-02 17:06:51,2024-02-02 17:06:51,2024-02-02 17:06:51
PAY-00092,ORD-00092,PAYPAL,2216.9,CAPTURED,2024-06-29,2024-06-29 21:29:39,2024-06-29 21:29:39,2024-06-29 21:29:39
PAY-00093,ORD-00093,APPLE_PAY,1653.65,CAPTURED,2024-07-10,2024-07-10 19:09:32,2024-07-10 19:09:32,2024-07-10 19:09:32
PAY-00094,ORD-00094,GIFT_CARD,284.29,CAPTURED,2024-05-27,2024-05-27 10:11:20,2024-05-27 10:11:20,2024-05-27 10:11:20
PAY-00095,ORD-00095,APPLE_PAY,5527.18,CAPTURED,2024-07-15,2024-07-15 16:32:41,2024-07-15 16:32:41,2024-07-15 16:32:41
PAY-00096,ORD-00096,PAYPAL,527.42,CAPTURED,2024-10-20,2024-10-20 09:17:49,2024-10-20 09:17:49,2024-10-20 09:17:49
PAY-00097,ORD-00097,APPLE_PAY,1449.66,CAPTURED,2024-11-30,2024-11-30 20:15:19,2024-11-30 20:15:19,2024-11-30 20:15:19
PAY-00098,ORD-00098,DEBIT_CARD,2164.45,CAPTURED,2024-11-19,2024-11-19 14:10:39,2024-11-19 14:10:39,2024-11-19 14:10:39
PAY-00099,ORD-00099,CREDIT_CARD,2970.7,CAPTURED,2024-05-29,2024-05-29 12:36:17,2024-05-29 12:36:17,2024-05-29 12:36:17
PAY-00100,ORD-00100,APPLE_PAY,3980.87,CAPTURED,2024-05-07,2024-05-07 10:45:20,2024-05-07 10:45:20,2024-05-07 10:45:20
PAY-00101,ORD-00101,CREDIT_CARD,5008.89,REFUNDED,2024-06-16,2024-06-16 17:00:55,2024-06-16 17:00:55,2024-06-16 17:00:55
PAY-00101-R,ORD-00101,CREDIT_CARD,5008.89,REFUNDED,2024-06-16,2024-06-16 17:00:55,2024-06-16 17:00:55,2024-06-16 17:00:55
PAY-00102,ORD-00102,CREDIT_CARD,181.51,REFUNDED,2024-09-05,2024-09-05 20:21:57,2024-09-05 20:21:57,2024-09-05 20:21:57
PAY-00103,ORD-00103,DEBIT_CARD,3499.27,CAPTURED,2024-08-13,2024-08-13 15:00:27,2024-08-13 15:00:27,2024-08-13 15:00:27
PAY-00104,ORD-00104,CREDIT_CARD,1100.96,CAPTURED,2024-12-26,2024-12-26 09:00:13,2024-12-26 09:00:13,2024-12-26 09:00:13
PAY-00105,ORD-00105,APPLE_PAY,52.73,CAPTURED,2024-12-21,2024-12-21 10:30:04,2024-12-21 10:30:04,2024-12-21 10:30:04
PAY-00106,ORD-00106,DEBIT_CARD,165.71,CAPTURED,2024-06-02,2024-06-02 10:24:49,2024-06-02 10:24:49,2024-06-02 10:24:49
PAY-00107,ORD-00107,DEBIT_CARD,3529.48,REFUNDED,2024-08-13,2024-08-13 13:46:13,2024-08-13 13:46:13,2024-08-13 13:46:13
PAY-00108,ORD-00108,PAYPAL,910.16,CAPTURED,2024-10-10,2024-10-10 17:38:46,2024-10-10 17:38:46,2024-10-10 17:38:46
PAY-00109,ORD-00109,CREDIT_CARD,672.11,REFUNDED,2024-04-06,2024-04-06 19:25:18,2024-04-06 19:25:18,2024-04-06 19:25:18
PAY-00110,ORD-00110,GIFT_CARD,3872.53,CAPTURED,2024-07-03,2024-07-03 22:20:08,2024-07-03 22:20:08,2024-07-03 22:20:08
PAY-00111,ORD-00111,DEBIT_CARD,4348.8,CAPTURED,2024-02-12,2024-02-12 18:34:34,2024-02-12 18:34:34,2024-02-12 18:34:34
PAY-00112,ORD-00112,APPLE_PAY,612.06,CAPTURED,2024-11-28,2024-11-28 18:41:04,2024-11-28 18:41:04,2024-11-28 18:41:04
PAY-00113,ORD-00113,DEBIT_CARD,1311.66,REFUNDED,2024-01-29,2024-01-29 12:42:47,2024-01-29 12:42:47,2024-01-29 12:42:47
PAY-00114,ORD-00114,PAYPAL,848.42,REFUNDED,2024-09-11,2024-09-11 13:33:33,2024-09-11 13:33:33,2024-09-11 13:33:33
PAY-00114-R,ORD-00114,PAYPAL,848.42,REFUNDED,2024-09-11,2024-09-11 13:33:33,2024-09-11 13:33:33,2024-09-11 13:33:33
PAY-00115,ORD-00115,GIFT_CARD,1524.72,CAPTURED,2024-08-07,2024-08-07 12:33:04,2024-08-07 12:33:04,2024-08-07 12:33:04
PAY-00116,ORD-00116,DEBIT_CARD,1132.1,CAPTURED,2024-09-12,2024-09-12 21:36:10,2024-09-12 21:36:10,2024-09-12 21:36:10
PAY-00117,ORD-00117,GIFT_CARD,2236.88,CAPTURED,2024-03-17,2024-03-17 10:59:54,2024-03-17 10:59:54,2024-03-17 10:59:54
PAY-00118,ORD-00118,PAYPAL,2157.29,CAPTURED,2024-08-26,2024-08-26 21:18:49,2024-08-26 21:18:49,2024-08-26 21:18:49
PAY-00119,ORD-00119,PAYPAL,1146.92,CAPTURED,2024-06-04,2024-06-04 19:39:15,2024-06-04 19:39:15,2024-06-04 19:39:15
PAY-00120,ORD-00120,APPLE_PAY,2556.96,CAPTURED,2024-06-06,2024-06-06 09:13:33,2024-06-06 09:13:33,2024-06-06 09:13:33
PAY-00121,ORD-00121,GIFT_CARD,456.65,CAPTURED,2024-03-09,2024-03-09 18:52:25,2024-03-09 18:52:25,2024-03-09 18:52:25
PAY-00122,ORD-00122,PAYPAL,4721.35,CAPTURED,2024-07-20,2024-07-20 19:53:47,2024-07-20 19:53:47,2024-07-20 19:53:47
PAY-00123,ORD-00123,CREDIT_CARD,2493.36,CAPTURED,2024-04-16,2024-04-16 15:19:29,2024-04-16 15:19:29,2024-04-16 15:19:29
PAY-00124,ORD-00124,DEBIT_CARD,223.77,CAPTURED,2024-11-04,2024-11-04 08:13:53,2024-11-04 08:13:53,2024-11-04 08:13:53
PAY-00125,ORD-00125,CREDIT_CARD,1704.98,CAPTURED,2024-12-12,2024-12-12 12:16:52,2024-12-12 12:16:52,2024-12-12 12:16:52
PAY-00126,ORD-00126,CREDIT_CARD,1818.88,CAPTURED,2024-02-13,2024-02-13 17:37:16,2024-02-13 17:37:16,2024-02-13 17:37:16
PAY-00127,ORD-00127,DEBIT_CARD,4320.83,CAPTURED,2024-06-18,2024-06-18 09:02:29,2024-06-18 09:02:29,2024-06-18 09:02:29
PAY-00128,ORD-00128,CREDIT_CARD,2835.62,CAPTURED,2024-07-29,2024-07-29 22:35:30,2024-07-29 22:35:30,2024-07-29 22:35:30
PAY-00129,ORD-00129,PAYPAL,2146.91,CAPTURED,2024-12-31,2024-12-31 13:30:34,2024-12-31 13:30:34,2024-12-31 13:30:34
PAY-00130,ORD-00130,CREDIT_CARD,873.77,CAPTURED,2024-07-02,2024-07-02 20:37:14,2024-07-02 20:37:14,2024-07-02 20:37:14
PAY-00131,ORD-00131,DEBIT_CARD,947.07,CAPTURED,2024-07-17,2024-07-17 13:59:53,2024-07-17 13:59:53,2024-07-17 13:59:53
PAY-00132,ORD-00132,APPLE_PAY,1373.44,CAPTURED,2024-10-17,2024-10-17 17:09:36,2024-10-17 17:09:36,2024-10-17 17:09:36
PAY-00133,ORD-00133,DEBIT_CARD,3490.03,REFUNDED,2024-04-13,2024-04-13 20:08:21,2024-04-13 20:08:21,2024-04-13 20:08:21
PAY-00134,ORD-00134,DEBIT_CARD,4958.11,CAPTURED,2024-02-21,2024-02-21 13:19:20,2024-02-21 13:19:20,2024-02-21 13:19:20
PAY-00135,ORD-00135,GIFT_CARD,1086.1,CAPTURED,2024-10-17,2024-10-17 08:11:38,2024-10-17 08:11:38,2024-10-17 08:11:38
PAY-00136,ORD-00136,PAYPAL,1991.5,REFUNDED,2024-03-26,2024-03-26 18:56:05,2024-03-26 18:56:05,2024-03-26 18:56:05
PAY-00137,ORD-00137,APPLE_PAY,1082.22,CAPTURED,2024-07-12,2024-07-12 13:34:24,2024-07-12 13:34:24,2024-07-12 13:34:24
PAY-00138,ORD-00138,DEBIT_CARD,556.06,CAPTURED,2024-02-07,2024-02-07 13:10:56,2024-02-07 13:10:56,2024-02-07 13:10:56
PAY-00139,ORD-00139,DEBIT_CARD,6639.07,REFUNDED,2024-09-04,2024-09-04 19:01:27,2024-09-04 19:01:27,2024-09-04 19:01:27
PAY-00140,ORD-00140,PAYPAL,214.03,CAPTURED,2024-10-08,2024-10-08 21:31:09,2024-10-08 21:31:09,2024-10-08 21:31:09
PAY-00141,ORD-00141,DEBIT_CARD,2606.89,CAPTURED,2024-09-02,2024-09-02 11:06:01,2024-09-02 11:06:01,2024-09-02 11:06:01
PAY-00142,ORD-00142,APPLE_PAY,2084.08,CAPTURED,2024-07-08,2024-07-08 22:24:23,2024-07-08 22:24:23,2024-07-08 22:24:23
PAY-00143,ORD-00143,CREDIT_CARD,1137.16,REFUNDED,2024-05-17,2024-05-17 17:03:09,2024-05-17 17:03:09,2024-05-17 17:03:09
PAY-00144,ORD-00144,APPLE_PAY,1628.58,CAPTURED,2024-02-01,2024-02-01 21:24:52,2024-02-01 21:24:52,2024-02-01 21:24:52
PAY-00145,ORD-00145,APPLE_PAY,475.26,CAPTURED,2024-04-18,2024-04-18 20:12:08,2024-04-18 20:12:08,2024-04-18 20:12:08
PAY-00146,ORD-00146,CREDIT_CARD,1309.64,CAPTURED,2024-03-16,2024-03-16 21:38:16,2024-03-16 21:38:16,2024-03-16 21:38:16
PAY-00147,ORD-00147,GIFT_CARD,2333.6,CAPTURED,2024-05-21,2024-05-21 16:29:58,2024-05-21 16:29:58,2024-05-21 16:29:58
PAY-00148,ORD-00148,PAYPAL,2092.84,CAPTURED,2024-10-19,2024-10-19 17:30:02,2024-10-19 17:30:02,2024-10-19 17:30:02
PAY-00149,ORD-00149,PAYPAL,3573.44,CAPTURED,2024-06-21,2024-06-21 21:50:19,2024-06-21 21:50:19,2024-06-21 21:50:19
PAY-00150,ORD-00150,GIFT_CARD,3180.33,CAPTURED,2024-09-21,2024-09-21 21:23:52,2024-09-21 21:23:52,2024-09-21 21:23:52
PAY-00151,ORD-00151,PAYPAL,1623.02,CAPTURED,2024-01-30,2024-01-30 11:02:29,2024-01-30 11:02:29,2024-01-30 11:02:29
PAY-00152,ORD-00152,APPLE_PAY,2972.09,CAPTURED,2024-07-09,2024-07-09 15:38:28,2024-07-09 15:38:28,2024-07-09 15:38:28
PAY-00153,ORD-00153,APPLE_PAY,2623.32,REFUNDED,2024-04-25,2024-04-25 18:13:17,2024-04-25 18:13:17,2024-04-25 18:13:17
PAY-00154,ORD-00154,PAYPAL,2983.67,CAPTURED,2024-03-29,2024-03-29 17:51:00,2024-03-29 17:51:00,2024-03-29 17:51:00
PAY-00155,ORD-00155,GIFT_CARD,1169.29,CAPTURED,2024-09-18,2024-09-18 18:53:53,2024-09-18 18:53:53,2024-09-18 18:53:53
PAY-00156,ORD-00156,DEBIT_CARD,1912.36,CAPTURED,2024-11-29,2024-11-29 12:12:09,2024-11-29 12:12:09,2024-11-29 12:12:09
PAY-00157,ORD-00157,PAYPAL,2201.68,CAPTURED,2024-03-12,2024-03-12 19:01:41,2024-03-12 19:01:41,2024-03-12 19:01:41
PAY-00158,ORD-00158,PAYPAL,2948.9,CAPTURED,2024-08-31,2024-08-31 22:42:22,2024-08-31 22:42:22,2024-08-31 22:42:22
PAY-00159,ORD-00159,CREDIT_CARD,1698.03,REFUNDED,2024-04-03,2024-04-03 18:57:21,2024-04-03 18:57:21,2024-04-03 18:57:21
PAY-00160,ORD-00160,CREDIT_CARD,414.94,CAPTURED,2024-05-30,2024-05-30 15:54:07,2024-05-30 15:54:07,2024-05-30 15:54:07
PAY-00161,ORD-00161,CREDIT_CARD,3906.91,CAPTURED,2024-12-14,2024-12-14 14:33:19,2024-12-14 14:33:19,2024-12-14 14:33:19
PAY-00162,ORD-00162,PAYPAL,2323.79,CAPTURED,2024-02-11,2024-02-11 15:21:40,2024-02-11 15:21:40,2024-02-11 15:21:40
PAY-00163,ORD-00163,DEBIT_CARD,2879.75,CAPTURED,2024-10-22,2024-10-22 20:10:31,2024-10-22 20:10:31,2024-10-22 20:10:31
PAY-00164,ORD-00164,PAYPAL,1120.87,CAPTURED,2024-05-07,2024-05-07 11:44:56,2024-05-07 11:44:56,2024-05-07 11:44:56
PAY-00165,ORD-00165,DEBIT_CARD,2767.71,CAPTURED,2024-09-23,2024-09-23 17:33:21,2024-09-23 17:33:21,2024-09-23 17:33:21
PAY-00166,ORD-00166,CREDIT_CARD,2735.11,REFUNDED,2024-03-27,2024-03-27 09:23:45,2024-03-27 09:23:45,2024-03-27 09:23:45
PAY-00167,ORD-00167,PAYPAL,739.81,CAPTURED,2024-04-15,2024-04-15 19:43:40,2024-04-15 19:43:40,2024-04-15 19:43:40
PAY-00168,ORD-00168,PAYPAL,4600.92,CAPTURED,2024-09-24,2024-09-24 11:22:45,2024-09-24 11:22:45,2024-09-24 11:22:45
PAY-00169,ORD-00169,GIFT_CARD,4416.1,CAPTURED,2024-01-07,2024-01-07 18:05:58,2024-01-07 18:05:58,2024-01-07 18:05:58
PAY-00170,ORD-00170,APPLE_PAY,51.64,CAPTURED,2024-05-28,2024-05-28 13:51:43,2024-05-28 13:51:43,2024-05-28 13:51:43
PAY-00171,ORD-00171,GIFT_CARD,4073.51,CAPTURED,2024-03-28,2024-03-28 13:22:57,2024-03-28 13:22:57,2024-03-28 13:22:57
PAY-00172,ORD-00172,CREDIT_CARD,2594.62,REFUNDED,2024-03-26,2024-03-26 09:08:44,2024-03-26 09:08:44,2024-03-26 09:08:44
PAY-00172-R,ORD-00172,CREDIT_CARD,2594.62,REFUNDED,2024-03-26,2024-03-26 09:08:44,2024-03-26 09:08:44,2024-03-26 09:08:44
PAY-00173,ORD-00173,APPLE_PAY,3045.42,CAPTURED,2024-12-16,2024-12-16 22:53:46,2024-12-16 22:53:46,2024-12-16 22:53:46
PAY-00174,ORD-00174,APPLE_PAY,597.81,REFUNDED,2024-05-07,2024-05-07 15:22:42,2024-05-07 15:22:42,2024-05-07 15:22:42
PAY-00175,ORD-00175,DEBIT_CARD,4357.44,CAPTURED,2024-03-25,2024-03-25 09:48:31,2024-03-25 09:48:31,2024-03-25 09:48:31
PAY-00176,ORD-00176,PAYPAL,357.6,CAPTURED,2024-08-17,2024-08-17 09:54:31,2024-08-17 09:54:31,2024-08-17 09:54:31
PAY-00177,ORD-00177,GIFT_CARD,5718.6,CAPTURED,2024-10-08,2024-10-08 08:52:05,2024-10-08 08:52:05,2024-10-08 08:52:05
PAY-00178,ORD-00178,PAYPAL,2906.82,CAPTURED,2024-10-13,2024-10-13 20:39:38,2024-10-13 20:39:38,2024-10-13 20:39:38
PAY-00179,ORD-00179,APPLE_PAY,896.64,REFUNDED,2024-03-12,2024-03-12 21:45:47,2024-03-12 21:45:47,2024-03-12 21:45:47
PAY-00179-R,ORD-00179,APPLE_PAY,896.64,REFUNDED,2024-03-12,2024-03-12 21:45:47,2024-03-12 21:45:47,2024-03-12 21:45:47
PAY-00180,ORD-00180,CREDIT_CARD,1054.84,CAPTURED,2024-04-07,2024-04-07 19:21:06,2024-04-07 19:21:06,2024-04-07 19:21:06
PAY-00181,ORD-00181,CREDIT_CARD,4845.06,REFUNDED,2024-03-09,2024-03-09 15:00:33,2024-03-09 15:00:33,2024-03-09 15:00:33
PAY-00182,ORD-00182,APPLE_PAY,4219.08,CAPTURED,2024-05-07,2024-05-07 12:25:21,2024-05-07 12:25:21,2024-05-07 12:25:21
PAY-00183,ORD-00183,GIFT_CARD,4926.51,CAPTURED,2024-10-10,2024-10-10 18:13:12,2024-10-10 18:13:12,2024-10-10 18:13:12
PAY-00184,ORD-00184,CREDIT_CARD,2347.42,CAPTURED,2024-09-30,2024-09-30 12:56:54,2024-09-30 12:56:54,2024-09-30 12:56:54
PAY-00185,ORD-00185,PAYPAL,1452.99,CAPTURED,2024-05-16,2024-05-16 20:50:10,2024-05-16 20:50:10,2024-05-16 20:50:10
PAY-00186,ORD-00186,GIFT_CARD,2094.35,REFUNDED,2024-02-22,2024-02-22 17:55:43,2024-02-22 17:55:43,2024-02-22 17:55:43
PAY-00186-R,ORD-00186,GIFT_CARD,2094.35,REFUNDED,2024-02-22,2024-02-22 17:55:43,2024-02-22 17:55:43,2024-02-22 17:55:43
PAY-00187,ORD-00187,GIFT_CARD,1711.07,CAPTURED,2024-07-17,2024-07-17 14:50:43,2024-07-17 14:50:43,2024-07-17 14:50:43
PAY-00188,ORD-00188,PAYPAL,2388.73,REFUNDED,2024-08-14,2024-08-14 21:14:58,2024-08-14 21:14:58,2024-08-14 21:14:58
PAY-00189,ORD-00189,PAYPAL,3820.17,CAPTURED,2024-09-20,2024-09-20 09:24:02,2024-09-20 09:24:02,2024-09-20 09:24:02
PAY-00190,ORD-00190,GIFT_CARD,2188.82,CAPTURED,2024-11-11,2024-11-11 21:42:19,2024-11-11 21:42:19,2024-11-11 21:42:19
PAY-00191,ORD-00191,PAYPAL,1489.65,CAPTURED,2024-07-25,2024-07-25 09:22:14,2024-07-25 09:22:14,2024-07-25 09:22:14
PAY-00192,ORD-00192,APPLE_PAY,982.23,CAPTURED,2024-11-14,2024-11-14 11:02:43,2024-11-14 11:02:43,2024-11-14 11:02:43
PAY-00193,ORD-00193,GIFT_CARD,2939.97,CAPTURED,2024-01-13,2024-01-13 22:33:52,2024-01-13 22:33:52,2024-01-13 22:33:52
PAY-00194,ORD-00194,DEBIT_CARD,3471.75,CAPTURED,2024-04-19,2024-04-19 21:43:27,2024-04-19 21:43:27,2024-04-19 21:43:27
PAY-00195,ORD-00195,PAYPAL,327.41,CAPTURED,2024-07-17,2024-07-17 15:40:25,2024-07-17 15:40:25,2024-07-17 15:40:25
PAY-00196,ORD-00196,CREDIT_CARD,255.04,CAPTURED,2024-11-12,2024-11-12 09:48:47,2024-11-12 09:48:47,2024-11-12 09:48:47
PAY-00197,ORD-00197,APPLE_PAY,4763.42,CAPTURED,2024-02-14,2024-02-14 12:48:59,2024-02-14 12:48:59,2024-02-14 12:48:59
PAY-00198,ORD-00198,CREDIT_CARD,1104.08,CAPTURED,2024-10-10,2024-10-10 21:35:09,2024-10-10 21:35:09,2024-10-10 21:35:09
PAY-00199,ORD-00199,PAYPAL,3423.79,REFUNDED,2024-06-05,2024-06-05 11:47:47,2024-06-05 11:47:47,2024-06-05 11:47:47
PAY-00200,ORD-00200,APPLE_PAY,366.85,CAPTURED,2024-01-28,2024-01-28 21:48:59,2024-01-28 21:48:59,2024-01-28 21:48:59
PAY-00201,ORD-00201,DEBIT_CARD,378.05,REFUNDED,2024-09-06,2024-09-06 13:22:08,2024-09-06 13:22:08,2024-09-06 13:22:08
PAY-00202,ORD-00202,PAYPAL,875.56,REFUNDED,2024-09-05,2024-09-05 15:21:39,2024-09-05 15:21:39,2024-09-05 15:21:39
PAY-00203,ORD-00203,PAYPAL,4207.45,CAPTURED,2024-12-30,2024-12-30 19:41:27,2024-12-30 19:41:27,2024-12-30 19:41:27
PAY-00204,ORD-00204,DEBIT_CARD,1319.19,CAPTURED,2024-03-30,2024-03-30 18:38:05,2024-03-30 18:38:05,2024-03-30 18:38:05
PAY-00205,ORD-00205,GIFT_CARD,2199.76,CAPTURED,2024-07-26,2024-07-26 20:37:13,2024-07-26 20:37:13,2024-07-26 20:37:13
PAY-00206,ORD-00206,DEBIT_CARD,2189.66,CAPTURED,2024-01-06,2024-01-06 18:15:54,2024-01-06 18:15:54,2024-01-06 18:15:54
PAY-00207,ORD-00207,DEBIT_CARD,1406.3,CAPTURED,2024-07-02,2024-07-02 08:14:48,2024-07-02 08:14:48,2024-07-02 08:14:48
PAY-00208,ORD-00208,CREDIT_CARD,261.06,CAPTURED,2024-07-03,2024-07-03 14:30:58,2024-07-03 14:30:58,2024-07-03 14:30:58
PAY-00209,ORD-00209,PAYPAL,426.05,REFUNDED,2024-11-20,2024-11-20 21:17:53,2024-11-20 21:17:53,2024-11-20 21:17:53
PAY-00209-R,ORD-00209,PAYPAL,426.05,REFUNDED,2024-11-20,2024-11-20 21:17:53,2024-11-20 21:17:53,2024-11-20 21:17:53
PAY-00210,ORD-00210,APPLE_PAY,1508.92,CAPTURED,2024-06-29,2024-06-29 21:55:22,2024-06-29 21:55:22,2024-06-29 21:55:22
PAY-00211,ORD-00211,DEBIT_CARD,929.76,CAPTURED,2024-02-09,2024-02-09 16:41:17,2024-02-09 16:41:17,2024-02-09 16:41:17
PAY-00212,ORD-00212,DEBIT_CARD,2359.68,CAPTURED,2024-02-28,2024-02-28 15:43:30,2024-02-28 15:43:30,2024-02-28 15:43:30
PAY-00213,ORD-00213,DEBIT_CARD,3519.27,CAPTURED,2024-10-20,2024-10-20 10:03:10,2024-10-20 10:03:10,2024-10-20 10:03:10
PAY-00214,ORD-00214,DEBIT_CARD,1424.03,CAPTURED,2024-04-03,2024-04-03 17:42:32,2024-04-03 17:42:32,2024-04-03 17:42:32
PAY-00215,ORD-00215,GIFT_CARD,442.0,CAPTURED,2024-02-19,2024-02-19 10:30:57,2024-02-19 10:30:57,2024-02-19 10:30:57
PAY-00216,ORD-00216,APPLE_PAY,3326.47,REFUNDED,2024-11-04,2024-11-04 16:52:00,2024-11-04 16:52:00,2024-11-04 16:52:00
PAY-00217,ORD-00217,PAYPAL,4556.43,CAPTURED,2024-09-01,2024-09-01 20:14:58,2024-09-01 20:14:58,2024-09-01 20:14:58
PAY-00218,ORD-00218,PAYPAL,5542.35,CAPTURED,2024-05-13,2024-05-13 21:34:27,2024-05-13 21:34:27,2024-05-13 21:34:27
PAY-00219,ORD-00219,DEBIT_CARD,5394.79,CAPTURED,2024-03-11,2024-03-11 21:55:42,2024-03-11 21:55:42,2024-03-11 21:55:42
PAY-00220,ORD-00220,PAYPAL,478.09,CAPTURED,2024-08-10,2024-08-10 09:04:16,2024-08-10 09:04:16,2024-08-10 09:04:16
PAY-00221,ORD-00221,GIFT_CARD,1750.32,CAPTURED,2024-07-24,2024-07-24 17:41:33,2024-07-24 17:41:33,2024-07-24 17:41:33
PAY-00222,ORD-00222,DEBIT_CARD,956.18,CAPTURED,2024-12-02,2024-12-02 22:51:33,2024-12-02 22:51:33,2024-12-02 22:51:33
PAY-00223,ORD-00223,DEBIT_CARD,1598.36,CAPTURED,2024-01-19,2024-01-19 13:15:41,2024-01-19 13:15:41,2024-01-19 13:15:41
PAY-00224,ORD-00224,CREDIT_CARD,1668.18,CAPTURED,2024-07-26,2024-07-26 17:12:33,2024-07-26 17:12:33,2024-07-26 17:12:33
PAY-00225,ORD-00225,DEBIT_CARD,525.98,CAPTURED,2024-10-25,2024-10-25 13:22:52,2024-10-25 13:22:52,2024-10-25 13:22:52
PAY-00226,ORD-00226,PAYPAL,3141.15,CAPTURED,2024-05-30,2024-05-30 13:07:51,2024-05-30 13:07:51,2024-05-30 13:07:51
PAY-00227,ORD-00227,PAYPAL,654.82,CAPTURED,2024-10-27,2024-10-27 21:01:30,2024-10-27 21:01:30,2024-10-27 21:01:30
PAY-00228,ORD-00228,CREDIT_CARD,2115.66,CAPTURED,2024-06-10,2024-06-10 14:22:33,2024-06-10 14:22:33,2024-06-10 14:22:33
PAY-00229,ORD-00229,DEBIT_CARD,3681.75,REFUNDED,2024-10-20,2024-10-20 12:11:47,2024-10-20 12:11:47,2024-10-20 12:11:47
PAY-00230,ORD-00230,GIFT_CARD,2881.36,CAPTURED,2024-10-04,2024-10-04 08:54:30,2024-10-04 08:54:30,2024-10-04 08:54:30
PAY-00231,ORD-00231,DEBIT_CARD,1561.9,CAPTURED,2024-10-03,2024-10-03 08:32:22,2024-10-03 08:32:22,2024-10-03 08:32:22
PAY-00232,ORD-00232,DEBIT_CARD,3217.87,CAPTURED,2024-06-24,2024-06-24 13:11:31,2024-06-24 13:11:31,2024-06-24 13:11:31
PAY-00233,ORD-00233,CREDIT_CARD,2407.38,CAPTURED,2024-03-15,2024-03-15 20:47:09,2024-03-15 20:47:09,2024-03-15 20:47:09
PAY-00234,ORD-00234,APPLE_PAY,799.42,CAPTURED,2024-05-08,2024-05-08 16:54:36,2024-05-08 16:54:36,2024-05-08 16:54:36
PAY-00235,ORD-00235,PAYPAL,2226.79,CAPTURED,2024-11-18,2024-11-18 09:28:47,2024-11-18 09:28:47,2024-11-18 09:28:47
PAY-00236,ORD-00236,APPLE_PAY,982.23,CAPTURED,2024-06-30,2024-06-30 13:43:32,2024-06-30 13:43:32,2024-06-30 13:43:32
PAY-00237,ORD-00237,APPLE_PAY,8018.94,CAPTURED,2024-03-26,2024-03-26 18:51:59,2024-03-26 18:51:59,2024-03-26 18:51:59
PAY-00238,ORD-00238,DEBIT_CARD,1236.34,CAPTURED,2024-08-18,2024-08-18 14:10:11,2024-08-18 14:10:11,2024-08-18 14:10:11
PAY-00239,ORD-00239,GIFT_CARD,158.19,CAPTURED,2024-10-07,2024-10-07 08:01:49,2024-10-07 08:01:49,2024-10-07 08:01:49
PAY-00240,ORD-00240,DEBIT_CARD,910.59,CAPTURED,2024-12-01,2024-12-01 22:56:24,2024-12-01 22:56:24,2024-12-01 22:56:24
PAY-00241,ORD-00241,PAYPAL,7287.26,CAPTURED,2024-06-15,2024-06-15 21:30:29,2024-06-15 21:30:29,2024-06-15 21:30:29
PAY-00242,ORD-00242,PAYPAL,1766.74,CAPTURED,2024-02-15,2024-02-15 15:19:23,2024-02-15 15:19:23,2024-02-15 15:19:23
PAY-00243,ORD-00243,APPLE_PAY,3442.42,CAPTURED,2024-09-30,2024-09-30 08:44:59,2024-09-30 08:44:59,2024-09-30 08:44:59
PAY-00244,ORD-00244,PAYPAL,475.26,CAPTURED,2024-11-26,2024-11-26 14:53:24,2024-11-26 14:53:24,2024-11-26 14:53:24
PAY-00245,ORD-00245,PAYPAL,5456.31,CAPTURED,2024-11-09,2024-11-09 20:44:43,2024-11-09 20:44:43,2024-11-09 20:44:43
PAY-00246,ORD-00246,GIFT_CARD,429.37,CAPTURED,2024-04-06,2024-04-06 13:01:09,2024-04-06 13:01:09,2024-04-06 13:01:09
PAY-00247,ORD-00247,APPLE_PAY,5216.46,CAPTURED,2024-01-05,2024-01-05 11:05:09,2024-01-05 11:05:09,2024-01-05 11:05:09
PAY-00248,ORD-00248,DEBIT_CARD,1485.64,CAPTURED,2024-12-22,2024-12-22 20:02:21,2024-12-22 20:02:21,2024-12-22 20:02:21
PAY-00249,ORD-00249,CREDIT_CARD,889.44,CAPTURED,2024-05-08,2024-05-08 21:24:53,2024-05-08 21:24:53,2024-05-08 21:24:53
PAY-00250,ORD-00250,PAYPAL,2495.92,CAPTURED,2024-09-23,2024-09-23 18:13:30,2024-09-23 18:13:30,2024-09-23 18:13:30
PAY-00251,ORD-00251,CREDIT_CARD,854.05,CAPTURED,2024-02-27,2024-02-27 11:40:27,2024-02-27 11:40:27,2024-02-27 11:40:27
PAY-00252,ORD-00252,PAYPAL,149.18,CAPTURED,2024-12-19,2024-12-19 15:44:38,2024-12-19 15:44:38,2024-12-19 15:44:38
PAY-00253,ORD-00253,CREDIT_CARD,568.58,REFUNDED,2024-11-12,2024-11-12 13:59:48,2024-11-12 13:59:48,2024-11-12 13:59:48
PAY-00254,ORD-00254,GIFT_CARD,4568.69,CAPTURED,2024-02-24,2024-02-24 10:31:14,2024-02-24 10:31:14,2024-02-24 10:31:14
PAY-00255,ORD-00255,GIFT_CARD,1927.66,CAPTURED,2024-12-22,2024-12-22 15:12:36,2024-12-22 15:12:36,2024-12-22 15:12:36
PAY-00256,ORD-00256,CREDIT_CARD,819.82,CAPTURED,2024-11-22,2024-11-22 16:24:46,2024-11-22 16:24:46,2024-11-22 16:24:46
PAY-00257,ORD-00257,GIFT_CARD,1182.77,CAPTURED,2024-07-28,2024-07-28 18:20:07,2024-07-28 18:20:07,2024-07-28 18:20:07
PAY-00258,ORD-00258,APPLE_PAY,1627.2,CAPTURED,2024-09-05,2024-09-05 11:06:02,2024-09-05 11:06:02,2024-09-05 11:06:02
PAY-00259,ORD-00259,PAYPAL,89.76,CAPTURED,2024-02-01,2024-02-01 13:35:47,2024-02-01 13:35:47,2024-02-01 13:35:47
PAY-00260,ORD-00260,GIFT_CARD,105.46,CAPTURED,2024-02-06,2024-02-06 21:19:04,2024-02-06 21:19:04,2024-02-06 21:19:04
PAY-00261,ORD-00261,DEBIT_CARD,2046.06,CAPTURED,2024-04-08,2024-04-08 16:42:15,2024-04-08 16:42:15,2024-04-08 16:42:15
PAY-00262,ORD-00262,GIFT_CARD,2050.71,CAPTURED,2024-08-14,2024-08-14 22:22:57,2024-08-14 22:22:57,2024-08-14 22:22:57
PAY-00263,ORD-00263,PAYPAL,331.42,CAPTURED,2024-08-17,2024-08-17 14:00:46,2024-08-17 14:00:46,2024-08-17 14:00:46
PAY-00264,ORD-00264,CREDIT_CARD,2946.04,CAPTURED,2024-01-04,2024-01-04 12:14:13,2024-01-04 12:14:13,2024-01-04 12:14:13
PAY-00265,ORD-00265,CREDIT_CARD,2872.97,CAPTURED,2024-10-19,2024-10-19 14:36:58,2024-10-19 14:36:58,2024-10-19 14:36:58
PAY-00266,ORD-00266,APPLE_PAY,281.72,CAPTURED,2024-06-20,2024-06-20 13:56:52,2024-06-20 13:56:52,2024-06-20 13:56:52
PAY-00267,ORD-00267,PAYPAL,3487.2,CAPTURED,2024-07-14,2024-07-14 08:19:33,2024-07-14 08:19:33,2024-07-14 08:19:33
PAY-00268,ORD-00268,APPLE_PAY,3555.79,CAPTURED,2024-10-31,2024-10-31 17:32:05,2024-10-31 17:32:05,2024-10-31 17:32:05
PAY-00269,ORD-00269,GIFT_CARD,1640.76,CAPTURED,2024-12-23,2024-12-23 10:48:08,2024-12-23 10:48:08,2024-12-23 10:48:08
PAY-00270,ORD-00270,CREDIT_CARD,3125.01,CAPTURED,2024-06-14,2024-06-14 18:59:36,2024-06-14 18:59:36,2024-06-14 18:59:36
PAY-00271,ORD-00271,PAYPAL,1022.56,CAPTURED,2024-01-23,2024-01-23 22:52:14,2024-01-23 22:52:14,2024-01-23 22:52:14
PAY-00272,ORD-00272,PAYPAL,4648.53,CAPTURED,2024-05-27,2024-05-27 08:21:44,2024-05-27 08:21:44,2024-05-27 08:21:44
PAY-00273,ORD-00273,CREDIT_CARD,1680.45,CAPTURED,2024-12-05,2024-12-05 16:02:16,2024-12-05 16:02:16,2024-12-05 16:02:16
PAY-00274,ORD-00274,DEBIT_CARD,2277.2,CAPTURED,2024-05-29,2024-05-29 21:56:41,2024-05-29 21:56:41,2024-05-29 21:56:41
PAY-00275,ORD-00275,PAYPAL,3492.02,CAPTURED,2024-03-21,2024-03-21 08:22:43,2024-03-21 08:22:43,2024-03-21 08:22:43
PAY-00276,ORD-00276,DEBIT_CARD,654.82,CAPTURED,2024-04-25,2024-04-25 10:21:57,2024-04-25 10:21:57,2024-04-25 10:21:57
PAY-00277,ORD-00277,PAYPAL,4794.28,CAPTURED,2024-03-19,2024-03-19 14:19:58,2024-03-19 14:19:58,2024-03-19 14:19:58
PAY-00278,ORD-00278,CREDIT_CARD,871.38,CAPTURED,2024-03-21,2024-03-21 13:04:35,2024-03-21 13:04:35,2024-03-21 13:04:35
PAY-00279,ORD-00279,PAYPAL,963.62,REFUNDED,2024-08-14,2024-08-14 19:59:52,2024-08-14 19:59:52,2024-08-14 19:59:52
PAY-00280,ORD-00280,CREDIT_CARD,4435.8,REFUNDED,2024-04-28,2024-04-28 17:14:14,2024-04-28 17:14:14,2024-04-28 17:14:14
PAY-00281,ORD-00281,APPLE_PAY,2454.76,CAPTURED,2024-07-28,2024-07-28 20:00:59,2024-07-28 20:00:59,2024-07-28 20:00:59
PAY-00282,ORD-00282,APPLE_PAY,4425.47,CAPTURED,2024-12-18,2024-12-18 13:55:29,2024-12-18 13:55:29,2024-12-18 13:55:29
PAY-00283,ORD-00283,GIFT_CARD,4943.15,CAPTURED,2024-09-22,2024-09-22 16:25:47,2024-09-22 16:25:47,2024-09-22 16:25:47
PAY-00284,ORD-00284,APPLE_PAY,688.21,REFUNDED,2024-09-21,2024-09-21 22:09:29,2024-09-21 22:09:29,2024-09-21 22:09:29
PAY-00285,ORD-00285,PAYPAL,2047.47,CAPTURED,2024-12-22,2024-12-22 16:08:25,2024-12-22 16:08:25,2024-12-22 16:08:25
PAY-00286,ORD-00286,GIFT_CARD,2944.25,CAPTURED,2024-07-04,2024-07-04 09:33:45,2024-07-04 09:33:45,2024-07-04 09:33:45
PAY-00287,ORD-00287,CREDIT_CARD,3050.32,CAPTURED,2024-03-17,2024-03-17 10:55:09,2024-03-17 10:55:09,2024-03-17 10:55:09
PAY-00288,ORD-00288,GIFT_CARD,2623.72,CAPTURED,2024-11-07,2024-11-07 22:31:15,2024-11-07 22:31:15,2024-11-07 22:31:15
PAY-00289,ORD-00289,PAYPAL,447.58,CAPTURED,2024-01-26,2024-01-26 09:26:11,2024-01-26 09:26:11,2024-01-26 09:26:11
PAY-00290,ORD-00290,APPLE_PAY,1354.64,CAPTURED,2024-07-07,2024-07-07 22:24:52,2024-07-07 22:24:52,2024-07-07 22:24:52
PAY-00291,ORD-00291,DEBIT_CARD,52.73,CAPTURED,2024-06-17,2024-06-17 16:26:33,2024-06-17 16:26:33,2024-06-17 16:26:33
PAY-00292,ORD-00292,APPLE_PAY,3329.98,CAPTURED,2024-11-05,2024-11-05 22:50:45,2024-11-05 22:50:45,2024-11-05 22:50:45
PAY-00293,ORD-00293,CREDIT_CARD,2609.8,CAPTURED,2024-11-08,2024-11-08 11:45:18,2024-11-08 11:45:18,2024-11-08 11:45:18
PAY-00294,ORD-00294,CREDIT_CARD,3484.37,CAPTURED,2024-04-16,2024-04-16 20:39:26,2024-04-16 20:39:26,2024-04-16 20:39:26
PAY-00295,ORD-00295,APPLE_PAY,875.16,CAPTURED,2024-01-04,2024-01-04 09:43:21,2024-01-04 09:43:21,2024-01-04 09:43:21
PAY-00296,ORD-00296,DEBIT_CARD,4081.5,CAPTURED,2024-12-10,2024-12-10 15:58:30,2024-12-10 15:58:30,2024-12-10 15:58:30
PAY-00297,ORD-00297,GIFT_CARD,3552.54,CAPTURED,2024-06-10,2024-06-10 16:34:01,2024-06-10 16:34:01,2024-06-10 16:34:01
PAY-00298,ORD-00298,PAYPAL,1388.08,CAPTURED,2024-04-05,2024-04-05 17:07:55,2024-04-05 17:07:55,2024-04-05 17:07:55
PAY-00299,ORD-00299,PAYPAL,440.54,CAPTURED,2024-08-19,2024-08-19 21:19:13,2024-08-19 21:19:13,2024-08-19 21:19:13
PAY-00300,ORD-00300,PAYPAL,2246.36,CAPTURED,2024-09-04,2024-09-04 22:32:09,2024-09-04 22:32:09,2024-09-04 22:32:09
PAY-00301,ORD-00301,CREDIT_CARD,440.57,CAPTURED,2024-10-31,2024-10-31 21:05:21,2024-10-31 21:05:21,2024-10-31 21:05:21
PAY-00302,ORD-00302,PAYPAL,1941.54,CAPTURED,2024-04-17,2024-04-17 13:12:12,2024-04-17 13:12:12,2024-04-17 13:12:12
PAY-00303,ORD-00303,PAYPAL,3259.58,CAPTURED,2024-05-25,2024-05-25 17:15:10,2024-05-25 17:15:10,2024-05-25 17:15:10
PAY-00304,ORD-00304,APPLE_PAY,4494.84,REFUNDED,2024-11-01,2024-11-01 22:37:40,2024-11-01 22:37:40,2024-11-01 22:37:40
PAY-00305,ORD-00305,APPLE_PAY,1904.86,REFUNDED,2024-02-19,2024-02-19 15:19:43,2024-02-19 15:19:43,2024-02-19 15:19:43
PAY-00306,ORD-00306,GIFT_CARD,3070.57,CAPTURED,2024-08-24,2024-08-24 21:10:18,2024-08-24 21:10:18,2024-08-24 21:10:18
PAY-00307,ORD-00307,APPLE_PAY,5927.5,CAPTURED,2024-02-06,2024-02-06 20:19:34,2024-02-06 20:19:34,2024-02-06 20:19:34
PAY-00308,ORD-00308,CREDIT_CARD,2801.14,REFUNDED,2024-10-05,2024-10-05 19:15:11,2024-10-05 19:15:11,2024-10-05 19:15:11
PAY-00309,ORD-00309,GIFT_CARD,305.16,CAPTURED,2024-12-04,2024-12-04 08:05:13,2024-12-04 08:05:13,2024-12-04 08:05:13
PAY-00310,ORD-00310,DEBIT_CARD,2591.78,CAPTURED,2024-07-18,2024-07-18 17:36:28,2024-07-18 17:36:28,2024-07-18 17:36:28
PAY-00311,ORD-00311,CREDIT_CARD,1597.56,CAPTURED,2024-05-30,2024-05-30 08:23:57,2024-05-30 08:23:57,2024-05-30 08:23:57
PAY-00312,ORD-00312,PAYPAL,3680.97,CAPTURED,2024-04-30,2024-04-30 14:44:37,2024-04-30 14:44:37,2024-04-30 14:44:37
PAY-00313,ORD-00313,DEBIT_CARD,7417.56,CAPTURED,2024-03-09,2024-03-09 08:04:41,2024-03-09 08:04:41,2024-03-09 08:04:41
PAY-00314,ORD-00314,APPLE_PAY,4209.8,CAPTURED,2024-04-05,2024-04-05 14:38:00,2024-04-05 14:38:00,2024-04-05 14:38:00
PAY-00315,ORD-00315,CREDIT_CARD,1024.63,CAPTURED,2024-12-26,2024-12-26 13:07:37,2024-12-26 13:07:37,2024-12-26 13:07:37
PAY-00316,ORD-00316,GIFT_CARD,4868.58,CAPTURED,2024-12-08,2024-12-08 09:43:40,2024-12-08 09:43:40,2024-12-08 09:43:40
PAY-00317,ORD-00317,GIFT_CARD,3237.51,REFUNDED,2024-05-30,2024-05-30 12:10:02,2024-05-30 12:10:02,2024-05-30 12:10:02
PAY-00318,ORD-00318,PAYPAL,3152.42,CAPTURED,2024-09-05,2024-09-05 09:08:32,2024-09-05 09:08:32,2024-09-05 09:08:32
PAY-00319,ORD-00319,PAYPAL,818.76,CAPTURED,2024-03-18,2024-03-18 18:28:23,2024-03-18 18:28:23,2024-03-18 18:28:23
PAY-00320,ORD-00320,APPLE_PAY,2921.9,CAPTURED,2024-03-19,2024-03-19 21:31:48,2024-03-19 21:31:48,2024-03-19 21:31:48
PAY-00321,ORD-00321,APPLE_PAY,3355.4,CAPTURED,2024-02-29,2024-02-29 08:10:29,2024-02-29 08:10:29,2024-02-29 08:10:29
PAY-00322,ORD-00322,APPLE_PAY,3032.0,CAPTURED,2024-01-07,2024-01-07 12:59:51,2024-01-07 12:59:51,2024-01-07 12:59:51
PAY-00323,ORD-00323,APPLE_PAY,1595.45,CAPTURED,2024-02-20,2024-02-20 12:41:37,2024-02-20 12:41:37,2024-02-20 12:41:37
PAY-00324,ORD-00324,APPLE_PAY,165.71,CAPTURED,2024-12-10,2024-12-10 08:53:04,2024-12-10 08:53:04,2024-12-10 08:53:04
PAY-00325,ORD-00325,CREDIT_CARD,27.25,CAPTURED,2024-04-22,2024-04-22 19:18:16,2024-04-22 19:18:16,2024-04-22 19:18:16
PAY-00326,ORD-00326,CREDIT_CARD,956.18,REFUNDED,2024-04-21,2024-04-21 17:40:07,2024-04-21 17:40:07,2024-04-21 17:40:07
PAY-00327,ORD-00327,DEBIT_CARD,3845.2,CAPTURED,2024-10-16,2024-10-16 20:11:57,2024-10-16 20:11:57,2024-10-16 20:11:57
PAY-00328,ORD-00328,PAYPAL,3874.08,CAPTURED,2024-02-01,2024-02-01 14:24:21,2024-02-01 14:24:21,2024-02-01 14:24:21
PAY-00329,ORD-00329,GIFT_CARD,782.48,CAPTURED,2024-03-14,2024-03-14 16:49:27,2024-03-14 16:49:27,2024-03-14 16:49:27
PAY-00330,ORD-00330,DEBIT_CARD,2127.11,CAPTURED,2024-05-08,2024-05-08 20:28:01,2024-05-08 20:28:01,2024-05-08 20:28:01
PAY-00331,ORD-00331,APPLE_PAY,5956.26,REFUNDED,2024-07-19,2024-07-19 17:00:32,2024-07-19 17:00:32,2024-07-19 17:00:32
PAY-00332,ORD-00332,CREDIT_CARD,3340.03,CAPTURED,2024-02-16,2024-02-16 13:34:54,2024-02-16 13:34:54,2024-02-16 13:34:54
PAY-00333,ORD-00333,CREDIT_CARD,1533.57,CAPTURED,2024-11-19,2024-11-19 15:47:12,2024-11-19 15:47:12,2024-11-19 15:47:12
PAY-00334,ORD-00334,CREDIT_CARD,896.26,CAPTURED,2024-06-06,2024-06-06 15:34:53,2024-06-06 15:34:53,2024-06-06 15:34:53
PAY-00335,ORD-00335,GIFT_CARD,1118.71,REFUNDED,2024-01-22,2024-01-22 14:07:13,2024-01-22 14:07:13,2024-01-22 14:07:13
PAY-00336,ORD-00336,CREDIT_CARD,1663.52,CAPTURED,2024-02-19,2024-02-19 15:39:10,2024-02-19 15:39:10,2024-02-19 15:39:10
PAY-00337,ORD-00337,PAYPAL,2340.7,CAPTURED,2024-04-22,2024-04-22 09:51:12,2024-04-22 09:51:12,2024-04-22 09:51:12
PAY-00338,ORD-00338,DEBIT_CARD,774.44,CAPTURED,2024-12-22,2024-12-22 13:35:10,2024-12-22 13:35:10,2024-12-22 13:35:10
PAY-00339,ORD-00339,APPLE_PAY,647.06,CAPTURED,2024-11-09,2024-11-09 14:49:10,2024-11-09 14:49:10,2024-11-09 14:49:10
PAY-00340,ORD-00340,APPLE_PAY,2143.21,REFUNDED,2024-10-30,2024-10-30 22:18:26,2024-10-30 22:18:26,2024-10-30 22:18:26
PAY-00341,ORD-00341,PAYPAL,2844.75,CAPTURED,2024-04-02,2024-04-02 19:31:39,2024-04-02 19:31:39,2024-04-02 19:31:39
PAY-00342,ORD-00342,CREDIT_CARD,738.69,CAPTURED,2024-12-03,2024-12-03 11:17:03,2024-12-03 11:17:03,2024-12-03 11:17:03
PAY-00343,ORD-00343,APPLE_PAY,52.73,CAPTURED,2024-04-17,2024-04-17 14:16:21,2024-04-17 14:16:21,2024-04-17 14:16:21
PAY-00344,ORD-00344,CREDIT_CARD,298.36,CAPTURED,2024-03-21,2024-03-21 20:01:31,2024-03-21 20:01:31,2024-03-21 20:01:31
PAY-00345,ORD-00345,DEBIT_CARD,464.34,CAPTURED,2024-08-02,2024-08-02 11:47:43,2024-08-02 11:47:43,2024-08-02 11:47:43
PAY-00346,ORD-00346,APPLE_PAY,4470.28,CAPTURED,2024-04-12,2024-04-12 14:57:14,2024-04-12 14:57:14,2024-04-12 14:57:14
PAY-00347,ORD-00347,CREDIT_CARD,4634.12,CAPTURED,2024-12-20,2024-12-20 17:03:17,2024-12-20 17:03:17,2024-12-20 17:03:17
PAY-00348,ORD-00348,PAYPAL,444.3,CAPTURED,2024-04-20,2024-04-20 17:30:53,2024-04-20 17:30:53,2024-04-20 17:30:53
PAY-00349,ORD-00349,APPLE_PAY,2376.68,CAPTURED,2024-10-29,2024-10-29 10:58:36,2024-10-29 10:58:36,2024-10-29 10:58:36
PAY-00350,ORD-00350,CREDIT_CARD,2212.46,CAPTURED,2024-01-18,2024-01-18 14:33:25,2024-01-18 14:33:25,2024-01-18 14:33:25
PAY-00351,ORD-00351,APPLE_PAY,291.88,CAPTURED,2024-01-09,2024-01-09 15:42:19,2024-01-09 15:42:19,2024-01-09 15:42:19
PAY-00352,ORD-00352,APPLE_PAY,3192.68,CAPTURED,2024-12-26,2024-12-26 14:11:50,2024-12-26 14:11:50,2024-12-26 14:11:50
PAY-00353,ORD-00353,GIFT_CARD,661.12,CAPTURED,2024-09-28,2024-09-28 08:18:27,2024-09-28 08:18:27,2024-09-28 08:18:27
PAY-00354,ORD-00354,APPLE_PAY,1377.47,CAPTURED,2024-12-11,2024-12-11 13:56:03,2024-12-11 13:56:03,2024-12-11 13:56:03
PAY-00355,ORD-00355,DEBIT_CARD,1909.53,CAPTURED,2024-02-28,2024-02-28 18:30:47,2024-02-28 18:30:47,2024-02-28 18:30:47
PAY-00356,ORD-00356,APPLE_PAY,328.61,CAPTURED,2024-08-19,2024-08-19 15:32:33,2024-08-19 15:32:33,2024-08-19 15:32:33
PAY-00357,ORD-00357,DEBIT_CARD,2799.45,REFUNDED,2024-02-25,2024-02-25 10:17:07,2024-02-25 10:17:07,2024-02-25 10:17:07
PAY-00358,ORD-00358,PAYPAL,2459.8,CAPTURED,2024-09-23,2024-09-23 18:21:26,2024-09-23 18:21:26,2024-09-23 18:21:26
PAY-00359,ORD-00359,DEBIT_CARD,2602.34,CAPTURED,2024-07-09,2024-07-09 12:49:54,2024-07-09 12:49:54,2024-07-09 12:49:54
PAY-00360,ORD-00360,DEBIT_CARD,2856.52,CAPTURED,2024-10-21,2024-10-21 10:28:16,2024-10-21 10:28:16,2024-10-21 10:28:16
PAY-00361,ORD-00361,APPLE_PAY,2771.49,CAPTURED,2024-03-24,2024-03-24 16:19:07,2024-03-24 16:19:07,2024-03-24 16:19:07
PAY-00362,ORD-00362,APPLE_PAY,774.44,REFUNDED,2024-08-14,2024-08-14 13:44:07,2024-08-14 13:44:07,2024-08-14 13:44:07
PAY-00362-R,ORD-00362,APPLE_PAY,774.44,REFUNDED,2024-08-14,2024-08-14 13:44:07,2024-08-14 13:44:07,2024-08-14 13:44:07
PAY-00363,ORD-00363,CREDIT_CARD,948.24,CAPTURED,2024-04-22,2024-04-22 15:22:05,2024-04-22 15:22:05,2024-04-22 15:22:05
PAY-00364,ORD-00364,APPLE_PAY,1164.36,CAPTURED,2024-08-16,2024-08-16 18:42:05,2024-08-16 18:42:05,2024-08-16 18:42:05
PAY-00365,ORD-00365,PAYPAL,2771.49,CAPTURED,2024-08-06,2024-08-06 13:24:23,2024-08-06 13:24:23,2024-08-06 13:24:23
PAY-00366,ORD-00366,GIFT_CARD,305.16,CAPTURED,2024-08-05,2024-08-05 19:57:26,2024-08-05 19:57:26,2024-08-05 19:57:26
PAY-00367,ORD-00367,APPLE_PAY,2623.32,CAPTURED,2024-09-25,2024-09-25 13:04:59,2024-09-25 13:04:59,2024-09-25 13:04:59
PAY-00368,ORD-00368,GIFT_CARD,2997.77,REFUNDED,2024-07-31,2024-07-31 10:35:29,2024-07-31 10:35:29,2024-07-31 10:35:29
PAY-00368-R,ORD-00368,GIFT_CARD,2997.77,REFUNDED,2024-07-31,2024-07-31 10:35:29,2024-07-31 10:35:29,2024-07-31 10:35:29
PAY-00369,ORD-00369,DEBIT_CARD,2931.47,CAPTURED,2024-08-25,2024-08-25 11:01:50,2024-08-25 11:01:50,2024-08-25 11:01:50
PAY-00370,ORD-00370,APPLE_PAY,1817.04,CAPTURED,2024-02-04,2024-02-04 17:47:23,2024-02-04 17:47:23,2024-02-04 17:47:23
PAY-00371,ORD-00371,CREDIT_CARD,2683.86,CAPTURED,2024-05-19,2024-05-19 13:26:40,2024-05-19 13:26:40,2024-05-19 13:26:40
PAY-00372,ORD-00372,PAYPAL,1542.68,CAPTURED,2024-06-10,2024-06-10 21:54:43,2024-06-10 21:54:43,2024-06-10 21:54:43
PAY-00373,ORD-00373,DEBIT_CARD,585.39,CAPTURED,2024-03-24,2024-03-24 09:13:09,2024-03-24 09:13:09,2024-03-24 09:13:09
PAY-00374,ORD-00374,DEBIT_CARD,4213.29,CAPTURED,2024-09-02,2024-09-02 13:19:44,2024-09-02 13:19:44,2024-09-02 13:19:44
PAY-00375,ORD-00375,APPLE_PAY,409.72,CAPTURED,2024-02-27,2024-02-27 09:01:49,2024-02-27 09:01:49,2024-02-27 09:01:49
PAY-00376,ORD-00376,CREDIT_CARD,455.08,CAPTURED,2024-01-31,2024-01-31 15:07:58,2024-01-31 15:07:58,2024-01-31 15:07:58
PAY-00377,ORD-00377,DEBIT_CARD,2209.82,CAPTURED,2024-03-04,2024-03-04 22:38:13,2024-03-04 22:38:13,2024-03-04 22:38:13
PAY-00378,ORD-00378,GIFT_CARD,965.05,REFUNDED,2024-06-29,2024-06-29 10:54:32,2024-06-29 10:54:32,2024-06-29 10:54:32
PAY-00379,ORD-00379,CREDIT_CARD,2678.32,CAPTURED,2024-03-28,2024-03-28 22:48:34,2024-03-28 22:48:34,2024-03-28 22:48:34
PAY-00380,ORD-00380,DEBIT_CARD,2696.15,CAPTURED,2024-04-02,2024-04-02 21:22:24,2024-04-02 21:22:24,2024-04-02 21:22:24
PAY-00381,ORD-00381,CREDIT_CARD,3620.81,CAPTURED,2024-12-26,2024-12-26 12:35:46,2024-12-26 12:35:46,2024-12-26 12:35:46
PAY-00382,ORD-00382,PAYPAL,1014.44,CAPTURED,2024-08-07,2024-08-07 11:54:04,2024-08-07 11:54:04,2024-08-07 11:54:04
PAY-00383,ORD-00383,CREDIT_CARD,6225.84,CAPTURED,2024-10-29,2024-10-29 09:47:59,2024-10-29 09:47:59,2024-10-29 09:47:59
PAY-00384,ORD-00384,GIFT_CARD,4607.63,REFUNDED,2024-11-25,2024-11-25 14:22:30,2024-11-25 14:22:30,2024-11-25 14:22:30
PAY-00385,ORD-00385,DEBIT_CARD,2611.77,CAPTURED,2024-04-01,2024-04-01 14:38:43,2024-04-01 14:38:43,2024-04-01 14:38:43
PAY-00386,ORD-00386,APPLE_PAY,1309.64,CAPTURED,2024-10-03,2024-10-03 16:01:48,2024-10-03 16:01:48,2024-10-03 16:01:48
PAY-00387,ORD-00387,GIFT_CARD,3424.59,CAPTURED,2024-08-14,2024-08-14 15:02:02,2024-08-14 15:02:02,2024-08-14 15:02:02
PAY-00388,ORD-00388,APPLE_PAY,9227.32,CAPTURED,2024-12-03,2024-12-03 16:43:34,2024-12-03 16:43:34,2024-12-03 16:43:34
PAY-00389,ORD-00389,PAYPAL,3399.44,CAPTURED,2024-10-29,2024-10-29 08:08:53,2024-10-29 08:08:53,2024-10-29 08:08:53
PAY-00390,ORD-00390,DEBIT_CARD,683.75,CAPTURED,2024-07-29,2024-07-29 13:03:42,2024-07-29 13:03:42,2024-07-29 13:03:42
PAY-00391,ORD-00391,CREDIT_CARD,5852.28,CAPTURED,2024-06-21,2024-06-21 10:01:34,2024-06-21 10:01:34,2024-06-21 10:01:34
PAY-00392,ORD-00392,PAYPAL,6397.24,CAPTURED,2024-09-07,2024-09-07 09:44:43,2024-09-07 09:44:43,2024-09-07 09:44:43
PAY-00393,ORD-00393,CREDIT_CARD,627.72,REFUNDED,2024-07-24,2024-07-24 20:14:39,2024-07-24 20:14:39,2024-07-24 20:14:39
PAY-00394,ORD-00394,PAYPAL,2991.06,REFUNDED,2024-04-17,2024-04-17 13:50:04,2024-04-17 13:50:04,2024-04-17 13:50:04
PAY-00395,ORD-00395,GIFT_CARD,1930.86,REFUNDED,2024-04-02,2024-04-02 22:01:40,2024-04-02 22:01:40,2024-04-02 22:01:40
PAY-00396,ORD-00396,CREDIT_CARD,262.71,REFUNDED,2024-08-10,2024-08-10 22:36:46,2024-08-10 22:36:46,2024-08-10 22:36:46
PAY-00397,ORD-00397,DEBIT_CARD,5753.1,CAPTURED,2024-06-12,2024-06-12 21:53:58,2024-06-12 21:53:58,2024-06-12 21:53:58
PAY-00398,ORD-00398,CREDIT_CARD,3061.41,CAPTURED,2024-01-19,2024-01-19 11:10:17,2024-01-19 11:10:17,2024-01-19 11:10:17
PAY-00399,ORD-00399,APPLE_PAY,3155.23,CAPTURED,2024-06-09,2024-06-09 17:19:55,2024-06-09 17:19:55,2024-06-09 17:19:55
PAY-00400,ORD-00400,PAYPAL,1988.29,CAPTURED,2024-05-01,2024-05-01 17:07:49,2024-05-01 17:07:49,2024-05-01 17:07:49
PAY-00401,ORD-00401,DEBIT_CARD,689.87,REFUNDED,2024-06-11,2024-06-11 16:27:30,2024-06-11 16:27:30,2024-06-11 16:27:30
PAY-00402,ORD-00402,DEBIT_CARD,2905.75,REFUNDED,2024-01-28,2024-01-28 19:58:50,2024-01-28 19:58:50,2024-01-28 19:58:50
PAY-00403,ORD-00403,PAYPAL,193.89,CAPTURED,2024-01-05,2024-01-05 22:25:59,2024-01-05 22:25:59,2024-01-05 22:25:59
PAY-00404,ORD-00404,APPLE_PAY,399.59,REFUNDED,2024-08-12,2024-08-12 18:20:56,2024-08-12 18:20:56,2024-08-12 18:20:56
PAY-00405,ORD-00405,APPLE_PAY,2493.36,CAPTURED,2024-08-29,2024-08-29 19:26:59,2024-08-29 19:26:59,2024-08-29 19:26:59
PAY-00406,ORD-00406,PAYPAL,3826.77,CAPTURED,2024-08-03,2024-08-03 17:46:52,2024-08-03 17:46:52,2024-08-03 17:46:52
PAY-00407,ORD-00407,DEBIT_CARD,2732.7,CAPTURED,2024-07-29,2024-07-29 20:20:28,2024-07-29 20:20:28,2024-07-29 20:20:28
PAY-00408,ORD-00408,GIFT_CARD,440.0,CAPTURED,2024-10-19,2024-10-19 11:01:01,2024-10-19 11:01:01,2024-10-19 11:01:01
PAY-00409,ORD-00409,DEBIT_CARD,2623.32,CAPTURED,2024-11-03,2024-11-03 12:09:05,2024-11-03 12:09:05,2024-11-03 12:09:05
PAY-00410,ORD-00410,DEBIT_CARD,2757.21,CAPTURED,2024-08-20,2024-08-20 21:43:31,2024-08-20 21:43:31,2024-08-20 21:43:31
PAY-00411,ORD-00411,DEBIT_CARD,5307.99,REFUNDED,2024-04-20,2024-04-20 21:18:46,2024-04-20 21:18:46,2024-04-20 21:18:46
PAY-00412,ORD-00412,APPLE_PAY,3444.08,CAPTURED,2024-06-14,2024-06-14 19:25:43,2024-06-14 19:25:43,2024-06-14 19:25:43
PAY-00413,ORD-00413,CREDIT_CARD,5250.32,CAPTURED,2024-12-09,2024-12-09 13:08:57,2024-12-09 13:08:57,2024-12-09 13:08:57
PAY-00414,ORD-00414,CREDIT_CARD,2342.31,CAPTURED,2024-08-09,2024-08-09 10:16:07,2024-08-09 10:16:07,2024-08-09 10:16:07
PAY-00415,ORD-00415,GIFT_CARD,3633.72,CAPTURED,2024-11-09,2024-11-09 21:48:59,2024-11-09 21:48:59,2024-11-09 21:48:59
PAY-00416,ORD-00416,APPLE_PAY,3886.55,CAPTURED,2024-04-03,2024-04-03 08:30:16,2024-04-03 08:30:16,2024-04-03 08:30:16
PAY-00417,ORD-00417,GIFT_CARD,1211.07,REFUNDED,2024-05-25,2024-05-25 10:53:10,2024-05-25 10:53:10,2024-05-25 10:53:10
PAY-00417-R,ORD-00417,GIFT_CARD,1211.07,REFUNDED,2024-05-25,2024-05-25 10:53:10,2024-05-25 10:53:10,2024-05-25 10:53:10
PAY-00418,ORD-00418,APPLE_PAY,1419.87,CAPTURED,2024-01-14,2024-01-14 12:43:43,2024-01-14 12:43:43,2024-01-14 12:43:43
PAY-00419,ORD-00419,PAYPAL,2086.34,CAPTURED,2024-06-17,2024-06-17 08:41:39,2024-06-17 08:41:39,2024-06-17 08:41:39
PAY-00420,ORD-00420,DEBIT_CARD,878.27,CAPTURED,2024-11-04,2024-11-04 14:05:25,2024-11-04 14:05:25,2024-11-04 14:05:25
PAY-00421,ORD-00421,CREDIT_CARD,1910.15,CAPTURED,2024-05-25,2024-05-25 18:48:41,2024-05-25 18:48:41,2024-05-25 18:48:41
PAY-00422,ORD-00422,APPLE_PAY,712.89,CAPTURED,2024-07-17,2024-07-17 15:17:36,2024-07-17 15:17:36,2024-07-17 15:17:36
PAY-00423,ORD-00423,PAYPAL,2133.05,CAPTURED,2024-11-18,2024-11-18 14:05:02,2024-11-18 14:05:02,2024-11-18 14:05:02
PAY-00424,ORD-00424,CREDIT_CARD,754.46,CAPTURED,2024-08-06,2024-08-06 12:36:03,2024-08-06 12:36:03,2024-08-06 12:36:03
PAY-00425,ORD-00425,PAYPAL,1715.71,CAPTURED,2024-02-18,2024-02-18 15:42:46,2024-02-18 15:42:46,2024-02-18 15:42:46
PAY-00426,ORD-00426,APPLE_PAY,3357.46,CAPTURED,2024-06-01,2024-06-01 13:37:46,2024-06-01 13:37:46,2024-06-01 13:37:46
PAY-00427,ORD-00427,APPLE_PAY,4120.24,CAPTURED,2024-01-03,2024-01-03 14:07:00,2024-01-03 14:07:00,2024-01-03 14:07:00
PAY-00428,ORD-00428,DEBIT_CARD,1401.43,CAPTURED,2024-04-06,2024-04-06 21:01:13,2024-04-06 21:01:13,2024-04-06 21:01:13
PAY-00429,ORD-00429,APPLE_PAY,4955.74,REFUNDED,2024-02-29,2024-02-29 10:57:09,2024-02-29 10:57:09,2024-02-29 10:57:09
PAY-00430,ORD-00430,GIFT_CARD,4170.36,CAPTURED,2024-05-28,2024-05-28 08:31:25,2024-05-28 08:31:25,2024-05-28 08:31:25
PAY-00431,ORD-00431,APPLE_PAY,4257.61,CAPTURED,2024-01-11,2024-01-11 10:18:46,2024-01-11 10:18:46,2024-01-11 10:18:46
PAY-00432,ORD-00432,PAYPAL,4338.06,REFUNDED,2024-07-18,2024-07-18 14:53:43,2024-07-18 14:53:43,2024-07-18 14:53:43
PAY-00433,ORD-00433,PAYPAL,2700.96,CAPTURED,2024-10-12,2024-10-12 08:01:22,2024-10-12 08:01:22,2024-10-12 08:01:22
PAY-00434,ORD-00434,PAYPAL,3671.28,CAPTURED,2024-04-26,2024-04-26 09:35:14,2024-04-26 09:35:14,2024-04-26 09:35:14
PAY-00435,ORD-00435,CREDIT_CARD,741.1,CAPTURED,2024-02-26,2024-02-26 09:50:39,2024-02-26 09:50:39,2024-02-26 09:50:39
PAY-00436,ORD-00436,APPLE_PAY,3353.97,REFUNDED,2024-07-04,2024-07-04 10:46:18,2024-07-04 10:46:18,2024-07-04 10:46:18
PAY-00436-R,ORD-00436,APPLE_PAY,3353.97,REFUNDED,2024-07-04,2024-07-04 10:46:18,2024-07-04 10:46:18,2024-07-04 10:46:18
PAY-00437,ORD-00437,DEBIT_CARD,5001.38,CAPTURED,2024-07-31,2024-07-31 13:40:42,2024-07-31 13:40:42,2024-07-31 13:40:42
PAY-00438,ORD-00438,DEBIT_CARD,497.13,CAPTURED,2024-03-25,2024-03-25 14:03:25,2024-03-25 14:03:25,2024-03-25 14:03:25
PAY-00439,ORD-00439,PAYPAL,3572.86,CAPTURED,2024-12-14,2024-12-14 19:35:55,2024-12-14 19:35:55,2024-12-14 19:35:55
PAY-00440,ORD-00440,CREDIT_CARD,1471.56,CAPTURED,2024-11-28,2024-11-28 14:49:12,2024-11-28 14:49:12,2024-11-28 14:49:12
PAY-00441,ORD-00441,CREDIT_CARD,5846.94,CAPTURED,2024-03-05,2024-03-05 16:34:18,2024-03-05 16:34:18,2024-03-05 16:34:18
PAY-00442,ORD-00442,GIFT_CARD,2312.53,REFUNDED,2024-01-31,2024-01-31 21:23:16,2024-01-31 21:23:16,2024-01-31 21:23:16
PAY-00443,ORD-00443,GIFT_CARD,1763.03,REFUNDED,2024-10-16,2024-10-16 19:57:40,2024-10-16 19:57:40,2024-10-16 19:57:40
PAY-00444,ORD-00444,DEBIT_CARD,646.41,CAPTURED,2024-05-06,2024-05-06 09:20:33,2024-05-06 09:20:33,2024-05-06 09:20:33
PAY-00445,ORD-00445,GIFT_CARD,4998.74,CAPTURED,2024-02-09,2024-02-09 13:43:33,2024-02-09 13:43:33,2024-02-09 13:43:33
PAY-00446,ORD-00446,GIFT_CARD,2065.16,CAPTURED,2024-12-30,2024-12-30 15:08:45,2024-12-30 15:08:45,2024-12-30 15:08:45
PAY-00447,ORD-00447,GIFT_CARD,2748.39,CAPTURED,2024-03-21,2024-03-21 16:23:58,2024-03-21 16:23:58,2024-03-21 16:23:58
PAY-00448,ORD-00448,PAYPAL,795.88,CAPTURED,2024-10-28,2024-10-28 14:03:59,2024-10-28 14:03:59,2024-10-28 14:03:59
PAY-00449,ORD-00449,APPLE_PAY,5804.39,CAPTURED,2024-06-07,2024-06-07 17:28:57,2024-06-07 17:28:57,2024-06-07 17:28:57
PAY-00450,ORD-00450,APPLE_PAY,2054.22,REFUNDED,2024-07-21,2024-07-21 13:34:02,2024-07-21 13:34:02,2024-07-21 13:34:02
PAY-00451,ORD-00451,GIFT_CARD,831.76,CAPTURED,2024-01-28,2024-01-28 17:33:12,2024-01-28 17:33:12,2024-01-28 17:33:12
PAY-00452,ORD-00452,APPLE_PAY,1471.56,CAPTURED,2024-04-15,2024-04-15 11:53:45,2024-04-15 11:53:45,2024-04-15 11:53:45
PAY-00453,ORD-00453,APPLE_PAY,2538.49,CAPTURED,2024-09-08,2024-09-08 21:59:01,2024-09-08 21:59:01,2024-09-08 21:59:01
PAY-00454,ORD-00454,DEBIT_CARD,5582.71,CAPTURED,2024-05-26,2024-05-26 10:11:16,2024-05-26 10:11:16,2024-05-26 10:11:16
PAY-00455,ORD-00455,DEBIT_CARD,1870.86,CAPTURED,2024-07-11,2024-07-11 21:57:07,2024-07-11 21:57:07,2024-07-11 21:57:07
PAY-00456,ORD-00456,CREDIT_CARD,3788.06,CAPTURED,2024-02-01,2024-02-01 13:29:35,2024-02-01 13:29:35,2024-02-01 13:29:35
PAY-00457,ORD-00457,GIFT_CARD,6561.91,CAPTURED,2024-07-10,2024-07-10 16:10:50,2024-07-10 16:10:50,2024-07-10 16:10:50
PAY-00458,ORD-00458,GIFT_CARD,4899.69,CAPTURED,2024-07-13,2024-07-13 13:53:40,2024-07-13 13:53:40,2024-07-13 13:53:40
PAY-00459,ORD-00459,PAYPAL,2590.04,CAPTURED,2024-08-09,2024-08-09 11:39:32,2024-08-09 11:39:32,2024-08-09 11:39:32
PAY-00460,ORD-00460,DEBIT_CARD,4238.68,CAPTURED,2024-01-02,2024-01-02 17:30:00,2024-01-02 17:30:00,2024-01-02 17:30:00
PAY-00461,ORD-00461,CREDIT_CARD,218.91,REFUNDED,2024-11-03,2024-11-03 13:24:11,2024-11-03 13:24:11,2024-11-03 13:24:11
PAY-00461-R,ORD-00461,CREDIT_CARD,218.91,REFUNDED,2024-11-03,2024-11-03 13:24:11,2024-11-03 13:24:11,2024-11-03 13:24:11
PAY-00462,ORD-00462,PAYPAL,686.61,REFUNDED,2024-01-11,2024-01-11 20:17:43,2024-01-11 20:17:43,2024-01-11 20:17:43
PAY-00462-R,ORD-00462,PAYPAL,686.61,REFUNDED,2024-01-11,2024-01-11 20:17:43,2024-01-11 20:17:43,2024-01-11 20:17:43
PAY-00463,ORD-00463,DEBIT_CARD,1743.21,CAPTURED,2024-09-09,2024-09-09 22:45:45,2024-09-09 22:45:45,2024-09-09 22:45:45
PAY-00464,ORD-00464,GIFT_CARD,2014.58,REFUNDED,2024-09-09,2024-09-09 10:35:12,2024-09-09 10:35:12,2024-09-09 10:35:12
PAY-00465,ORD-00465,CREDIT_CARD,4264.7,CAPTURED,2024-09-24,2024-09-24 19:50:17,2024-09-24 19:50:17,2024-09-24 19:50:17
PAY-00466,ORD-00466,APPLE_PAY,3645.0,CAPTURED,2024-05-20,2024-05-20 09:43:33,2024-05-20 09:43:33,2024-05-20 09:43:33
PAY-00467,ORD-00467,CREDIT_CARD,2141.43,CAPTURED,2024-01-13,2024-01-13 19:14:44,2024-01-13 19:14:44,2024-01-13 19:14:44
PAY-00468,ORD-00468,PAYPAL,312.93,CAPTURED,2024-10-30,2024-10-30 20:40:59,2024-10-30 20:40:59,2024-10-30 20:40:59
PAY-00469,ORD-00469,APPLE_PAY,261.31,CAPTURED,2024-05-01,2024-05-01 09:49:38,2024-05-01 09:49:38,2024-05-01 09:49:38
PAY-00470,ORD-00470,CREDIT_CARD,1485.1,REFUNDED,2024-07-12,2024-07-12 13:56:54,2024-07-12 13:56:54,2024-07-12 13:56:54
PAY-00471,ORD-00471,DEBIT_CARD,291.88,CAPTURED,2024-07-14,2024-07-14 14:06:39,2024-07-14 14:06:39,2024-07-14 14:06:39
PAY-00472,ORD-00472,CREDIT_CARD,2413.96,REFUNDED,2024-11-13,2024-11-13 17:06:21,2024-11-13 17:06:21,2024-11-13 17:06:21
PAY-00473,ORD-00473,APPLE_PAY,3168.86,CAPTURED,2024-06-30,2024-06-30 14:30:46,2024-06-30 14:30:46,2024-06-30 14:30:46
PAY-00474,ORD-00474,DEBIT_CARD,1372.75,CAPTURED,2024-07-02,2024-07-02 12:37:56,2024-07-02 12:37:56,2024-07-02 12:37:56
PAY-00475,ORD-00475,DEBIT_CARD,4459.5,CAPTURED,2024-10-13,2024-10-13 21:03:27,2024-10-13 21:03:27,2024-10-13 21:03:27
PAY-00476,ORD-00476,APPLE_PAY,1029.79,CAPTURED,2024-10-23,2024-10-23 17:21:39,2024-10-23 17:21:39,2024-10-23 17:21:39
PAY-00477,ORD-00477,APPLE_PAY,895.05,CAPTURED,2024-05-02,2024-05-02 15:47:49,2024-05-02 15:47:49,2024-05-02 15:47:49
PAY-00478,ORD-00478,GIFT_CARD,4470.82,CAPTURED,2024-02-28,2024-02-28 10:18:28,2024-02-28 10:18:28,2024-02-28 10:18:28
PAY-00479,ORD-00479,CREDIT_CARD,3097.76,CAPTURED,2024-04-01,2024-04-01 11:01:11,2024-04-01 11:01:11,2024-04-01 11:01:11
PAY-00480,ORD-00480,APPLE_PAY,819.71,CAPTURED,2024-02-26,2024-02-26 13:59:13,2024-02-26 13:59:13,2024-02-26 13:59:13
PAY-00481,ORD-00481,PAYPAL,1177.12,REFUNDED,2024-04-07,2024-04-07 11:34:24,2024-04-07 11:34:24,2024-04-07 11:34:24
PAY-00481-R,ORD-00481,PAYPAL,1177.12,REFUNDED,2024-04-07,2024-04-07 11:34:24,2024-04-07 11:34:24,2024-04-07 11:34:24
PAY-00482,ORD-00482,GIFT_CARD,1978.3,CAPTURED,2024-11-18,2024-11-18 20:17:55,2024-11-18 20:17:55,2024-11-18 20:17:55
PAY-00483,ORD-00483,GIFT_CARD,1032.58,REFUNDED,2024-08-30,2024-08-30 12:37:25,2024-08-30 12:37:25,2024-08-30 12:37:25
PAY-00484,ORD-00484,APPLE_PAY,2108.43,CAPTURED,2024-04-30,2024-04-30 14:13:19,2024-04-30 14:13:19,2024-04-30 14:13:19
PAY-00485,ORD-00485,PAYPAL,3763.5,CAPTURED,2024-10-25,2024-10-25 08:29:32,2024-10-25 08:29:32,2024-10-25 08:29:32
PAY-00486,ORD-00486,PAYPAL,884.49,CAPTURED,2024-09-13,2024-09-13 16:34:41,2024-09-13 16:34:41,2024-09-13 16:34:41
PAY-00487,ORD-00487,PAYPAL,3693.16,REFUNDED,2024-06-17,2024-06-17 12:19:47,2024-06-17 12:19:47,2024-06-17 12:19:47
PAY-00488,ORD-00488,CREDIT_CARD,4770.84,REFUNDED,2024-07-26,2024-07-26 21:37:48,2024-07-26 21:37:48,2024-07-26 21:37:48
PAY-00489,ORD-00489,APPLE_PAY,1375.83,REFUNDED,2024-06-09,2024-06-09 21:12:27,2024-06-09 21:12:27,2024-06-09 21:12:27
PAY-00490,ORD-00490,APPLE_PAY,2641.33,CAPTURED,2024-12-03,2024-12-03 21:22:21,2024-12-03 21:22:21,2024-12-03 21:22:21
PAY-00491,ORD-00491,APPLE_PAY,4992.74,CAPTURED,2024-11-04,2024-11-04 22:38:36,2024-11-04 22:38:36,2024-11-04 22:38:36
PAY-00492,ORD-00492,DEBIT_CARD,1855.28,CAPTURED,2024-02-17,2024-02-17 10:06:43,2024-02-17 10:06:43,2024-02-17 10:06:43
PAY-00493,ORD-00493,GIFT_CARD,72.97,CAPTURED,2024-07-16,2024-07-16 12:13:14,2024-07-16 12:13:14,2024-07-16 12:13:14
PAY-00494,ORD-00494,APPLE_PAY,2437.96,CAPTURED,2024-03-28,2024-03-28 13:55:58,2024-03-28 13:55:58,2024-03-28 13:55:58
PAY-00495,ORD-00495,APPLE_PAY,5944.82,CAPTURED,2024-04-15,2024-04-15 10:55:13,2024-04-15 10:55:13,2024-04-15 10:55:13
PAY-00496,ORD-00496,APPLE_PAY,4063.49,CAPTURED,2024-09-26,2024-09-26 13:58:36,2024-09-26 13:58:36,2024-09-26 13:58:36
PAY-00497,ORD-00497,DEBIT_CARD,397.73,REFUNDED,2024-08-09,2024-08-09 15:24:58,2024-08-09 15:24:58,2024-08-09 15:24:58
PAY-00498,ORD-00498,DEBIT_CARD,3157.91,CAPTURED,2024-11-17,2024-11-17 16:18:42,2024-11-17 16:18:42,2024-11-17 16:18:42
PAY-00499,ORD-00499,DEBIT_CARD,5740.13,CAPTURED,2024-08-24,2024-08-24 14:21:47,2024-08-24 14:21:47,2024-08-24 14:21:47
PAY-00500,ORD-00500,CREDIT_CARD,1775.79,CAPTURED,2024-03-23,2024-03-23 10:53:01,2024-03-23 10:53:01,2024-03-23 10:53:01
